,store,sido,gugun,address
0,역삼아레나빌딩  ,서울특별시,강남구,서울특별시 강남구 언주로 425 (역삼동)1522-3232
1,논현역사거리  ,서울특별시,강남구,서울특별시 강남구 강남대로 538 (논현동)1522-3232
2,신사역성일빌딩  ,서울특별시,강남구,서울특별시 강남구 강남대로 584 (논현동)1522-3232
3,국기원사거리  ,서울특별시,강남구,서울특별시 강남구 테헤란로 125 (역삼동)1522-3232
4,스탈릿대치R  ,서울특별시,강남구,서울특별시 강남구 남부순환로 2947 (대치동)1522-3232
5,봉은사역  ,서울특별시,강남구,서울특별시 강남구 봉은사로 619 (삼성동)1522-3232
6,압구정윤성빌딩  ,서울특별시,강남구,서울특별시 강남구 논현로 834 (신사동)1522-3232
7,코엑스별마당  ,서울특별시,강남구,서울특별시 강남구 영동대로 513 (삼성동)1522-3232
8,삼성역섬유센터R  ,서울특별시,강남구,서울특별시 강남구 테헤란로 518 (대치동)1522-3232
9,압구정R  ,서울특별시,강남구,서울특별시 강남구 언주로 861 (신사동)1522-3232
10,수서역R  ,서울특별시,강남구,서울특별시 강남구 광평로 281 (수서동)1522-3232
11,양재강남빌딩R  ,서울특별시,강남구,서울특별시 강남구 남부순환로 2621 (도곡동)1522-3232
12,선릉동신빌딩R  ,서울특별시,강남구,서울특별시 강남구 테헤란로 409 (삼성동)1522-3232
13,봉은사로선정릉  ,서울특별시,강남구,서울특별시 강남구 봉은사로 446 (삼성동)1522-3232
14,강남오거리  ,서울특별시,강남구,서울특별시 강남구 봉은사로2길 39 (역삼동)1522-3232
15,스타필드코엑스몰R  ,서울특별시,강남구,서울특별시 강남구 영동대로 513 (삼성동) 코엑스 A106호1522-3232
16,강남구청정문  ,서울특별시,강남구,서울특별시 강남구 학동로 419 (청담동)1522-3232
17,도곡공원  ,서울특별시,강남구,서울특별시 강남구 도곡로 205 (역삼동)1522-3232
18,강남R  ,서울특별시,강남구,서울특별시 강남구 강남대로 390 (역삼동)1522-3232
19,대치은마사거리  ,서울특별시,강남구,서울특별시 강남구 도곡로 457 (대치동)1522-3232
20,청담영동대로  ,서울특별시,강남구,서울특별시 강남구 영동대로 720 (청담동)1522-3232
21,압구정  ,서울특별시,강남구,서울특별시 강남구 압구정로30길 17 (신사동)1522-3232
22,신사가로수  ,서울특별시,강남구,서울특별시 강남구 가로수길 59 1522-3232
23,청담스타R  ,서울특별시,강남구,서울특별시 강남구 도산대로57길 24 (청담동)1522-3232
24,강남우성  ,서울특별시,강남구,서울특별시 강남구 강남대로 328 (역삼동)1522-3232
25,학동사거리  ,서울특별시,강남구,서울특별시 강남구 도산대로 328 (논현동)1522-3232
26,대치사거리  ,서울특별시,강남구,서울특별시 강남구 삼성로 402 (대치동)1522-3232
27,포스코사거리  ,서울특별시,강남구,서울특별시 강남구 테헤란로 505 (삼성동) 화진빌딩1522-3232
28,을지병원사거리  ,서울특별시,강남구,"서울특별시 강남구 논현로 752 (논현동,구산빌딩)1522-3232"
29,신사역  ,서울특별시,강남구,서울특별시 강남구 도산대로 108 (논현동) 렉스타워1522-3232
30,도곡역  ,서울특별시,강남구,서울특별시 강남구 남부순환로 2909 (대치동)1522-3232
31,서울세관사거리  ,서울특별시,강남구,서울특별시 강남구 언주로 650 (논현동) 한국건설기술인협회1522-3232
32,청담사거리  ,서울특별시,강남구,서울특별시 강남구 도산대로 458 (청담동) 리츠타워1522-3232
33,한티역  ,서울특별시,강남구,"서울특별시 강남구 도곡로 408, 디마크빌딩 101호 (대치동)1522-3232"
34,역삼초교사거리  ,서울특별시,강남구,서울특별시 강남구 역삼로 123 (역삼동)1522-3232
35,코엑스몰  ,서울특별시,강남구,서울특별시 강남구 영동대로 513 (삼성동) O103호1522-3232
36,가로수길  ,서울특별시,강남구,"서울특별시 강남구 논현로175길 94, 1~2층 (신사동)1522-3232"
37,역삼대로  ,서울특별시,강남구,"서울특별시 강남구 테헤란로 211, 한국고등교육재단빌딩 1층 (역삼동)1522-3232"
38,역삼포스코  ,서울특별시,강남구,"서울특별시 강남구 테헤란로 134, P&S TOWER (역삼동)1522-3232"
39,강남대로  ,서울특별시,강남구,"서울특별시 강남구 강남대로 456, 한석타워 2층 1-2호 (역삼동)1522-3232"
40,청담  ,서울특별시,강남구,"서울특별시 강남구 도산대로 532, 인희빌딩 1층 (청담동)1522-3232"
41,삼성도심공항  ,서울특별시,강남구,서울특별시 강남구 테헤란로87길 33 (삼성동)1522-3232
42,삼성교  ,서울특별시,강남구,"서울특별시 강남구 영동대로86길 12, 동남유화빌딩 1층1522-3232"
43,학동역  ,서울특별시,강남구,서울특별시 강남구 논현로 704 (논현동)1522-3232
44,대치  ,서울특별시,강남구,서울특별시 강남구 도곡로 511 (대치동)1522-3232
45,SSG마켓도곡R  ,서울특별시,강남구,"서울특별시 강남구 언주로30길 57, 타워팰리스Ⅱ F 지하1층 (도곡동)1522-3232"
46,삼성  ,서울특별시,강남구,"서울특별시 강남구 테헤란로 443, 애플트리타워 1층 (삼성동)1522-3232"
47,선릉세화빌딩  ,서울특별시,강남구,서울특별시 강남구 테헤란로64길 18 (대치동) 1층1522-3232
48,압구정역  ,서울특별시,강남구,"서울특별시 강남구 압구정로 170, 관영빌딩 1층 지하1층 (신사동)1522-3232"
49,압구정로  ,서울특별시,강남구,서울특별시 강남구 압구정로42길 32 (신사동)1522-3232
50,구역삼사거리  ,서울특별시,강남구,서울특별시 강남구 논현로 401 (역삼동)1522-3232
51,큰길타워  ,서울특별시,강남구,"서울특별시 강남구 테헤란로 223, 큰길타워빌딩 (역삼동)1522-3232"
52,강남구청역  ,서울특별시,강남구,"서울특별시 강남구 선릉로 669, 웰빙센터 1층 (논현동)1522-3232"
53,대치역  ,서울특별시,강남구,서울특별시 강남구 남부순환로 2936 (대치동) 107호1522-3232
54,포이  ,서울특별시,강남구,서울특별시 강남구 논현로 88 (개포동)1522-3232
55,아크플레이스  ,서울특별시,강남구,서울특별시 강남구 테헤란로 142 (역삼동)1522-3232
56,학여울역  ,서울특별시,강남구,서울특별시 강남구 영동대로 215 (대치동)1522-3232
57,선정릉역  ,서울특별시,강남구,서울특별시 강남구 봉은사로 407 (삼성동) 에프오빌딩1522-3232
58,삼성현대힐  ,서울특별시,강남구,서울특별시 강남구 삼성로 605 (삼성동)1522-3232
59,GS타워  ,서울특별시,강남구,서울특별시 강남구 논현로 508 (역삼동)1522-3232
60,압구정미소  ,서울특별시,강남구,서울특별시 강남구 논현로 841 (신사동)1522-3232
61,선릉역  ,서울특별시,강남구,"서울특별시 강남구 테헤란로 334, LG화재 빌딩 (역삼동)1522-3232"
62,코엑스사거리  ,서울특별시,강남구,서울특별시 강남구 영동대로 616 (삼성동)1522-3232
63,역삼럭키  ,서울특별시,강남구,서울특별시 강남구 도곡로 183 (역삼동)1522-3232
64,차병원사거리  ,서울특별시,강남구,"서울특별시 강남구 봉은사로 213, 센트럴타워 (논현동)1522-3232"
65,청담공원  ,서울특별시,강남구,서울특별시 강남구 학동로 506 (삼성동)1522-3232
66,신압구정  ,서울특별시,강남구,서울특별시 강남구 언주로174길 29 (신사동)1522-3232
67,아크로힐스논현  ,서울특별시,강남구,"서울특별시 강남구 봉은사로 304, 금강빌딩 1-2층 (역삼동)1522-3232"
68,뱅뱅사거리  ,서울특별시,강남구,서울특별시 강남구 강남대로 282 (도곡동)1522-3232
69,강남비젼타워  ,서울특별시,강남구,"서울특별시 강남구 테헤란로2길 27, 1층 101호 (역삼동)1522-3232"
70,역삼역  ,서울특별시,강남구,"서울특별시 강남구 테헤란로 145, 우신빌딩 1층 (역삼동)1522-3232"
71,압구정로데오역  ,서울특별시,강남구,"서울특별시 강남구 선릉로 836, 삼원빌딩 1,2층 (청담동)1522-3232"
72,르네상스사거리  ,서울특별시,강남구,서울특별시 강남구 테헤란로 306 (역삼동)1522-3232
73,포스코  ,서울특별시,강남구,"서울특별시 강남구 삼성로86길 7, 1층 (대치동)1522-3232"
74,선릉로  ,서울특별시,강남구,"서울특별시 강남구 선릉로93길 22, 대흥빌딩 1층 (역삼동)1522-3232"
75,논현힐탑  ,서울특별시,강남구,서울특별시 강남구 논현로 648 (논현동)1522-3232
76,도산가로수길  ,서울특별시,강남구,"서울특별시 강남구 도산대로 134, 2층 (논현동)1522-3232"
77,대치한티  ,서울특별시,강남구,서울특별시 강남구 선릉로 324 (대치동)1522-3232
78,수서역사거리  ,서울특별시,강남구,서울특별시 강남구 광평로 280 (수서동)1522-3232
79,코엑스아셈타워  ,서울특별시,강남구,서울특별시 강남구 영동대로 517 (삼성동)1522-3232
80,센터필드R  ,서울특별시,강남구,서울특별시 강남구 테헤란로 231 (역삼동)1522-3232
81,도산사거리  ,서울특별시,강남구,서울특별시 강남구 언주로 727 (논현동)1522-3232
82,강남세곡  ,서울특별시,강남구,서울특별시 강남구 헌릉로569길 18 (세곡동)1522-3232
83,대치삼성프라자  ,서울특별시,강남구,서울특별시 강남구 영동대로 237 (대치동)1522-3232
84,테헤란로아남타워  ,서울특별시,강남구,서울특별시 강남구 테헤란로 311 (역삼동)1522-3232
85,삼성동  ,서울특별시,강남구,서울특별시 강남구 영동대로96길 12 (삼성동)1522-3232
86,역삼이마트  ,서울특별시,강남구,서울특별시 강남구 역삼로 310 (역삼동)1522-3232
87,미아뉴타운  ,서울특별시,강북구,서울특별시 강북구 삼양로 161 (미아동)1522-3232
88,강북구청사거리  ,서울특별시,강북구,서울특별시 강북구 도봉로 365 (수유동)1522-3232
89,미아사거리역  ,서울특별시,강북구,서울특별시 강북구 도봉로 32 (미아동)1522-3232
90,수유역  ,서울특별시,강북구,서울특별시 강북구 도봉로 342 (번동)1522-3232
91,미아역  ,서울특별시,강북구,서울특별시 강북구 도봉로 196 (미아동)1522-3232
92,파라스파라서울  ,서울특별시,강북구,서울특별시 강북구 삼양로 689 (우이동)[*미고시]1522-3232
93,발산역사거리  ,서울특별시,강서구,서울특별시 강서구 공항대로 248 (마곡동)1522-3232
94,마곡역  ,서울특별시,강서구,서울특별시 강서구 공항대로 168 (마곡동)1522-3232
95,우장산역  ,서울특별시,강서구,서울특별시 강서구 강서로 267 (내발산동)1522-3232
96,마곡사이언스타워R  ,서울특별시,강서구,서울특별시 강서구 마곡동로 62 (마곡동)1522-3232
97,방화DT  ,서울특별시,강서구,서울특별시 강서구 방화대로 375 (방화동)1522-3232
98,마곡나루역  ,서울특별시,강서구,서울특별시 강서구 마곡중앙로 161-17 (마곡동)1522-3232
99,마곡GMG  ,서울특별시,강서구,"서울특별시 강서구 마곡중앙6로 16 (마곡동) 117,118,119,120호1522-3232"
100,가양역  ,서울특별시,강서구,서울특별시 강서구 양천로 476 (등촌동)1522-3232
101,화곡DT  ,서울특별시,강서구,서울특별시 강서구 등촌로 57 (화곡동)1522-3232
102,양천향교역  ,서울특별시,강서구,서울특별시 강서구 강서로 463 (마곡동)1522-3232
103,화곡동  ,서울특별시,강서구,서울특별시 강서구 화곡로 142(화곡동)1522-3232
104,등촌  ,서울특별시,강서구,서울특별시 강서구 공항대로 329 (등촌동)1522-3232
105,염창역  ,서울특별시,강서구,서울특별시 강서구 공항대로 627 (염창동)1522-3232
106,발산역  ,서울특별시,강서구,서울특별시 강서구 강서로 388 (등촌동) 그랜드마트1522-3232
107,가양이마트  ,서울특별시,강서구,서울특별시 강서구 양천로 559 (가양동) 1층1522-3232
108,까치산역  ,서울특별시,강서구,서울특별시 강서구 강서로13길 3 (화곡동)1522-3232
109,등촌대로  ,서울특별시,강서구,"서울특별시 강서구 공항대로 543 (염창동, 센터스퀘어), 104-2/105/106호1522-3232"
110,가양역사거리  ,서울특별시,강서구,"서울특별시 강서구 화곡로 416 (등촌동) 가양더스카이벨리5차 지식산업센터 101, 102, 114,~117호1522-3232"
111,강서NC  ,서울특별시,강서구,서울특별시 강서구 강서로56길 17 (등촌동)1522-3232
112,마곡나루공원  ,서울특별시,강서구,서울특별시 강서구 마곡중앙5로 47 (마곡동)1522-3232
113,강서구청사거리  ,서울특별시,강서구,"서울특별시 강서구 화곡로 350 (화곡동), 104/105/106/107호1522-3232"
114,낙성대역  ,서울특별시,관악구,서울특별시 관악구 남부순환로 1908 (봉천동)1522-3232
115,관악서울대입구R  ,서울특별시,관악구,서울특별시 관악구 관악로 158 (봉천동)1522-3232
116,신림DT  ,서울특별시,관악구,서울특별시 관악구 남부순환로 1419 (신림동)1522-3232
117,서울대역  ,서울특별시,관악구,서울특별시 관악구 남부순환로 1817 (봉천동)1522-3232
118,낙성대DT  ,서울특별시,관악구,서울특별시 관악구 남부순환로 1948 (봉천동)1522-3232
119,사당  ,서울특별시,관악구,서울특별시 관악구 남부순환로 2082-251522-3232
120,보라매대교  ,서울특별시,관악구,서울특별시 관악구 보라매로3길 23 (봉천동) 1층1522-3232
121,신림사거리  ,서울특별시,관악구,서울특별시 관악구 남부순환로 1619 (신림동)1522-3232
122,신림  ,서울특별시,관악구,서울특별시 관악구 신림로 355-1 (신림동)1522-3232
123,신림타임스트림  ,서울특별시,관악구,"서울특별시 관악구 신림로 330, PODO MALL 1층 101 일부 (신림동)1522-3232"
124,서울대입구역  ,서울특별시,관악구,서울특별시 관악구 남부순환로 1812 (봉천동)1522-3232
125,건국대  ,서울특별시,광진구,서울특별시 광진구 능동로 117 (화양동)1522-3232
126,어린이대공원역  ,서울특별시,광진구,서울특별시 광진구 능동로243 1522-3232
127,아차산역  ,서울특별시,광진구,서울특별시 광진구 천호대로 676 1522-3232
128,올림픽대교북단  ,서울특별시,광진구,서울특별시 광진구 광나루로 608 (구의동)1522-3232
129,구의DT  ,서울특별시,광진구,서울특별시 광진구 광나루로 519 (구의동)1522-3232
130,자양사거리  ,서울특별시,광진구,서울특별시 광진구 아차산로 3551522-3232
131,군자역  ,서울특별시,광진구,서울특별시 광진구 천호대로 548 (군자동) 중앙빌딩1522-3232
132,광나루  ,서울특별시,광진구,"서울특별시 광진구 아차산로 607, 1,2층 (광장동)1522-3232"
133,건대스타시티  ,서울특별시,광진구,서울특별시 광진구 아차산로 262 (자양동)1522-3232
134,자양  ,서울특별시,광진구,서울특별시 광진구 능동로 50 (자양동)1522-3232
135,강변역  ,서울특별시,광진구,서울특별시 광진구 구의강변로 64 (구의동) 구의아크로리버1522-3232
136,건대입구  ,서울특별시,광진구,서울특별시 광진구 능동로 107 (화양동)1522-3232
137,구의역  ,서울특별시,광진구,서울특별시 광진구 아차산로 373 (구의동)1522-3232
138,광장  ,서울특별시,광진구,서울특별시 광진구 아차산로 537-17 (광장동)1522-3232
139,건국클래식  ,서울특별시,광진구,서울특별시 광진구 능동로 90 (자양동) 더 클래식5001522-3232
140,자양이마트  ,서울시,광진구,서울시 광진구 아차산로 272 스타시티 지하1층 일부1522-3232
141,중곡  ,서울특별시,광진구,서울특별시 광진구 천호대로 549 (중곡동) 1층1522-3232
142,금천구청역  ,서울특별시,금천구,"서울특별시 금천구 시흥대로73길 67 엠타워 112,113,114,115호1522-3232"
143,가산에스케이  ,서울특별시,금천구,서울특별시 금천구 가산디지털1로 171 (가산동)1522-3232
144,독산사거리  ,서울특별시,금천구,서울특별시 금천구 시흥대로 426 (독산동)1522-3232
145,금천시흥  ,서울특별시,금천구,서울특별시 금천구 시흥대로 164 (시흥동)1522-3232
146,가산디지털단지역  ,서울특별시,금천구,서울특별시 금천구 벚꽃로 298 (가산동)1522-3232
147,금천독산  ,서울특별시,금천구,서울특별시 금천구 두산로 70 (독산동)1522-3232
148,가산디지털  ,서울특별시,금천구,서울특별시 금천구 가산디지털1로 168 (가산동)1522-3232
149,W-Mall  ,서울특별시,금천구,서울특별시 금천구 디지털로 188 (가산동)1522-3232
150,마리오아울렛  ,서울특별시,금천구,서울특별시 금천구 벚꽃로 266 마리오아울렛3관1522-3232
151,가산브이타워  ,서울특별시,금천구,서울특별시 금천구 가산디지털1로 128 (가산동)1522-3232
152,가산그레이트  ,서울특별시,금천구,"서울특별시 금천구 디지털로9길 32, 갑을그레이트밸리 1층 (가산동)1522-3232"
153,월계역  ,서울특별시,노원구,"서울특별시 노원구 초안산로2라길26 월계동(104,105,106호)1522-3232"
154,월계트레이더스  ,서울특별시,노원구,서울특별시 노원구 마들로3길 15 1522-3232
155,상계초교사거리  ,서울특별시,노원구,서울특별시 노원구 노원로 449 1522-3232
156,공릉DT  ,서울특별시,노원구,서울특별시 노원구 동일로 1015 (공릉동)1522-3232
157,노원마들역  ,서울특별시,노원구,"서울특별시 노원구 노원로 569 (상계동, 임광아파트)1522-3232"
158,공릉역  ,서울특별시,노원구,서울특별시 노원구 동일로 1081 (공릉동)1522-3232
159,은행사거리  ,서울특별시,노원구,"서울특별시 노원구 중계로 217, 중흥빌딩 103,203호 (중계동)1522-3232"
160,노원KT  ,서울특별시,노원구,"서울특별시 노원구 노해로 502, (주)KT 노원사옥 (상계동)1522-3232"
161,광운대  ,서울특별시,노원구,서울특별시 노원구 석계로 104 (월계동)1522-3232
162,중계역  ,서울특별시,노원구,"서울특별시 노원구 동일로 1339, 대한빌딩 (상계동)1522-3232"
163,노원역  ,서울특별시,노원구,서울특별시 노원구 동일로 1413 (상계동) 1층1522-3232
164,월계이마트  ,서울특별시,노원구,서울특별시 노원구 마들로3길 15 (월계동)1522-3232
165,태릉입구역DT  ,서울특별시,노원구,서울특별시 노원구 화랑로 469 (공릉동)1522-3232
166,창동이마트  ,서울특별시,도봉구,서울특별시 도봉구 노해로65길 4 (창동)1522-3232
167,쌍문역  ,서울특별시,도봉구,서울특별시 도봉구 도봉로 480 (창동)1522-3232
168,쌍문도봉로  ,서울특별시,도봉구,서울특별시 도봉구 도봉로 444 (창동)1522-3232
169,노량진동  ,서울특별시,동작구,"서울특별시 동작구 노량진로 190 (노량진동, 고려교육타워-어바니엘한강) 101호~105호1522-3232"
170,남성역  ,서울특별시,동작구,서울특별시 동작구 사당로 219 (사당동)1522-3232
171,상도역  ,서울특별시,동작구,서울특별시 동작구 상도로37길 1 (상도1동)1522-3232
172,보라매공원R  ,서울특별시,동작구,"서울특별시 동작구 보라매로5길 35 (신대방동, 파크스퀘어,보라매현대APT)1522-3232"
173,이수자이  ,서울특별시,동작구,서울특별시 동작구 사당로 300 (사당동 이수자이)1522-3232
174,노량진역  ,서울특별시,동작구,서울특별시 동작구 노량진로 134 (노량진동)1522-3232
175,신대방삼거리역  ,서울특별시,동작구,서울특별시 동작구 상도로 102 (상도동)1522-3232
176,중앙대  ,서울특별시,동작구,서울특별시 동작구 흑석로 75-1 (흑석동)1522-3232
177,숭실대입구역  ,서울특별시,동작구,서울특별시 동작구 상도로 354 (상도동)1522-3232
178,숭실대  ,서울특별시,동작구,서울특별시 동작구 사당로 4 (상도동)1522-3232
179,사당역  ,서울특별시,동작구,"서울특별시 동작구 동작대로 21, 양지빌딩 1-3층 (사당동)1522-3232"
180,서강대프라자  ,서울특별시,마포구,서울특별시 마포구 백범로 35 (신수동)1522-3232
181,상암YTN  ,서울특별시,마포구,서울특별시 마포구 상암산로 76 (상암동)1522-3232
182,마포용강동  ,서울특별시,마포구,서울특별시 마포구 토정로 295 (용강동)1522-3232
183,홍대입구역사거리R  ,서울특별시,마포구,서울특별시 마포구 양화로 125 (서교동)1522-3232
184,마포경찰서후문  ,서울특별시,마포구,서울특별시 마포구 마포대로 173-14 (아현동)1522-3232
185,공덕  ,서울특별시,마포구,서울특별시 마포구 마포대로 130 (공덕동)1522-3232
186,합정폴리스R  ,서울특별시,마포구,"서울특별시 마포구 양화로 45 (서교동, 메세나폴리스)1522-3232"
187,홍대공항철도역  ,서울특별시,마포구,서울특별시 마포구 양화로 178 (동교동)1522-3232
188,마포염리  ,서울특별시,마포구,서울특별시 마포구 독막로 311 (염리동)1522-3232
189,서강광흥창역  ,서울특별시,마포구,서울특별시 마포구 서강로 69 (창전동)1522-3232
190,합정  ,서울특별시,마포구,"서울특별시 마포구 월드컵로1길 14 (합정동) 마포한강푸르지오 110, 111, 112-21522-3232"
191,서강대흥역  ,서울특별시,마포구,서울특별시 마포구 백범로 89-5 (대흥동)1522-3232
192,서교동사거리  ,서울특별시,마포구,서울특별시 마포구 양화로 105 (서교동)1522-3232
193,상암사보이시티  ,서울특별시,마포구,서울특별시 마포구 월드컵북로54길 17 (상암동)1522-3232
194,신촌오거리  ,서울특별시,마포구,서울특별시 마포구 신촌로16길 10 (노고산동)1522-3232
195,상암디지털큐브  ,서울특별시,마포구,서울특별시 마포구 상암산로 341522-3232
196,상수역  ,서울특별시,마포구,서울특별시 마포구 독막로 88 (상수동)1522-3232
197,공덕오거리  ,서울특별시,마포구,서울특별시 마포구 마포대로 86 (도화동) 창강빌딩1522-3232
198,서교  ,서울특별시,마포구,서울특별시 마포구 양화로 78 (서교동) 서교빌딩 1층1522-3232
199,서강대  ,서울특별시,마포구,서울특별시 마포구 백범로 23 (신수동)1522-3232
200,상암MBC  ,서울특별시,마포구,서울특별시 마포구 성암로 267 (상암동)1522-3232
201,홍대역  ,서울특별시,마포구,"서울특별시 마포구 양화로 165, 상진빌딩 1층 (동교동)1522-3232"
202,동교  ,서울특별시,마포구,"서울특별시 마포구 월드컵북로 22, 영준빌딩 1층 (동교동)1522-3232"
203,애오개역  ,서울특별시,마포구,"서울특별시 마포구 마포대로 201, 마포트라팰리스II (아현동)1522-3232"
204,상암DMC  ,서울특별시,마포구,"서울특별시 마포구 월드컵북로 375, DMC이안오피스텔1단지 102호,202호 (상암동)1522-3232"
205,마포일진빌딩  ,서울특별시,마포구,"서울특별시 마포구 마포대로 45, 일진빌딩 1층 (도화동)1522-3232"
206,마포아크로  ,서울특별시,마포구,서울특별시 마포구 마포대로 68 (도화동) 마포아크로타워1522-3232
207,홍대삼거리  ,서울특별시,마포구,서울특별시 마포구 와우산로 64 (상수동)1522-3232
208,망원역  ,서울특별시,마포구,서울특별시 마포구 월드컵로 74 (서교동)1522-3232
209,마포이마트  ,서울특별시,마포구,서울특별시 마포구 백범로 212 (신공덕동) 마포이마트1522-3232
210,합정메세나몰  ,서울특별시,마포구,"서울특별시 마포구 양화로 45 (서교동, 메세나폴리스)1522-3232"
211,홍대역8번출구  ,서울특별시,마포구,서울특별시 마포구 양화로 166 (동교동)1522-3232
212,망원한강공원  ,서울특별시,마포구,서울특별시 마포구 마포나루길 435 (망원동)1522-3232
213,가재울뉴타운  ,서울특별시,서대문구,서울특별시 서대문구 가재울미래로 2 1522-3232
214,남가좌사거리  ,서울특별시,서대문구,"서울특별시 서대문구 거북골로 84 (남가좌동, DMC에코자이104동)1522-3232"
215,신촌역  ,서울특별시,서대문구,서울특별시 서대문구 신촌로 73 (창천동)1522-3232
216,연희동  ,서울특별시,서대문구,서울특별시 서대문구 연희로 97 (연희동)1522-3232
217,아현역  ,서울특별시,서대문구,"서울특별시 서대문구 신촌로35길 10 (북아현동, E편한세상신촌 4단지)1522-3232"
218,홍제역  ,서울특별시,서대문구,서울특별시 서대문구 통일로 451 (홍제동)1522-3232
219,연세백양로  ,서울특별시,서대문구,서울특별시 서대문구 연세로 50 (신촌동) 연세대학교1522-3232
220,연희DT  ,서울특별시,서대문구,서울특별시 서대문구 연희로 144 (연희동)1522-3232
221,경기대  ,서울특별시,서대문구,서울특별시 서대문구 충정로 53 (충정로2가)1522-3232
222,신촌  ,서울특별시,서대문구,서울특별시 서대문구 연세로 10-1 (창천동)1522-3232
223,이대R  ,서울특별시,서대문구,서울특별시 서대문구 이화여대길 34 (대현동)1522-3232
224,연세종합관  ,서울특별시,서대문구,"서울특별시 서대문구 연세로 50, 연세세브란스 종합관 (신촌동)1522-3232"
225,이대ECC  ,서울특별시,서대문구,서울특별시 서대문구 이화여대길 52 (대현동) 이화여자대학교 B415호1522-3232
226,연대  ,서울특별시,서대문구,서울특별시 서대문구 연세로 35 (창천동)1522-3232
227,신촌아트레온  ,서울특별시,서대문구,서울특별시 서대문구 신촌로 129 (창천동)1522-3232
228,충정로역  ,서울특별시,서대문구,서울특별시 서대문구 충정로 231522-3232
229,연대동문  ,서울특별시,서대문구,서울특별시 서대문구 성산로 565 (대신동)1522-3232
230,신촌명물거리  ,서울특별시,서대문구,"서울특별시 서대문구 명물길 24, 1-5층 (창천동)1522-3232"
231,충정타워  ,서울특별시,서대문구,"서울특별시 서대문구 서소문로 21, 충정타워빌딩 1층 (충정로3가)1522-3232"
232,현대신촌  ,서울특별시,서대문구,서울특별시 서대문구 신촌로 83 (창천동)1522-3232
233,방배로  ,서울특별시,서초구,서울특별시 서초구 방배로 52 (방배동)1522-3232
234,강남교보타워R  ,서울특별시,서초구,서울특별시 서초구 강남대로 465 (서초동)1522-3232
235,방배다이치빌딩  ,서울특별시,서초구,서울특별시 서초구 방배로 114 (방배동)1522-3232
236,센트럴F1  ,서울특별시,서초구,서울특별시 서초구 신반포로 176 (반포동)1522-3232
237,서초역이화빌딩  ,서울특별시,서초구,서울특별시 서초구 반포대로21길 3 (서초동)1522-3232
238,서초구청  ,서울특별시,서초구,서울특별시 서초구 남부순환로 2557 (서초동)1522-3232
239,서초우성사거리  ,서울특별시,서초구,서울특별시 서초구 강남대로 343 (서초동)1522-3232
240,이수역사거리  ,서울특별시,서초구,"서울특별시 서초구 서초대로 3-4 (방배동, 방배디오슈페리움1)1522-3232"
241,강남대로신사  ,서울특별시,서초구,서울특별시 서초구 강남대로 595 (잠원동)1522-3232
242,서울고속터미널  ,서울특별시,서초구,서울특별시 서초구 신반포로 194 (반포동)1522-3232
243,강남대로논현R  ,서울특별시,서초구,서울특별시 서초구 강남대로85길 5 (반포동)1522-3232
244,방배  ,서울특별시,서초구,서울특별시 서초구 방배로 2111522-3232
245,방배카페거리  ,서울특별시,서초구,서울특별시 서초구 방배중앙로 162 (방배동)1522-3232
246,서초법원  ,서울특별시,서초구,서울특별시 서초구 서초대로 274 (서초동)1522-3232
247,청계산입구역  ,서울특별시,서초구,서울특별시 서초구 청계산로 203 (신원동)1522-3232
248,사당로데오  ,서울특별시,서초구,서울특별시 서초구 방배천로 5-4(방배동)1522-3232
249,파미에파크R  ,서울특별시,서초구,서울특별시 서초구 사평대로 205 (반포동) CENTRALCITY1522-3232
250,교대역  ,서울특별시,서초구,서울특별시 서초구 서초중앙로 138 (서초동) 우림빌딩1522-3232
251,양재역  ,서울특별시,서초구,서울특별시 서초구 강남대로 202 (양재동) 모산빌딩1522-3232
252,논현역  ,서울특별시,서초구,서울특별시 서초구 강남대로 557 (잠원동) 1~2층1522-3232
253,이수역  ,서울특별시,서초구,서울특별시 서초구 동작대로 112 (방배동)1522-3232
254,내방역  ,서울특별시,서초구,서울특별시 서초구 방배로 184 (방배동) 대풍빌딩1522-3232
255,서초파라곤  ,서울특별시,서초구,서울특별시 서초구 서초대로74길 29 (서초동) 서초파라곤1522-3232
256,서울아트센터  ,서울특별시,서초구,서울특별시 서초구 남부순환로 2395 (서초동) 호경빌딩1522-3232
257,서초중앙로  ,서울특별시,서초구,서울특별시 서초구 서초중앙로 2251522-3232
258,센트럴시티  ,서울특별시,서초구,서울특별시 서초구 신반포로 176 (반포동)1522-3232
259,강남삼성타운  ,서울특별시,서초구,서울특별시 서초구 서초대로78길 24 (서초동)1522-3232
260,방배역  ,서울특별시,서초구,서울특별시 서초구 방배로 84 (방배동)1522-3232
261,반포역  ,서울특별시,서초구,서울특별시 서초구 신반포로 257 (잠원동) 신반포11차상가1522-3232
262,남부터미널  ,서울특별시,서초구,"서울특별시 서초구 서초중앙로 26, 래미안서초유니빌 1층 101호 (서초동)1522-3232"
263,뉴코아강남  ,서울특별시,서초구,서울특별시 서초구 잠원로 69 (잠원동) 킴스클럽1522-3232
264,강남2  ,서울특별시,서초구,"서울특별시 서초구 서초대로77길 27, 유빌딩 1,2층 (서초동)1522-3232"
265,교대  ,서울특별시,서초구,서울특별시 서초구 서초중앙로 118 (서초동)1522-3232
266,하이브랜드  ,서울특별시,서초구,"서울특별시 서초구 매헌로 16, 리빙관 101호 (양재동)1522-3232"
267,신논현역  ,서울특별시,서초구,서울특별시 서초구 강남대로 483 (반포동) 청호빌딩1522-3232
268,영동2교  ,서울특별시,서초구,"서울특별시 서초구 논현로 139, 대흥빌딩 (양재동)1522-3232"
269,남부터미널2  ,서울특별시,서초구,서울특별시 서초구 효령로 274 (서초동)1522-3232
270,서래마을입구  ,서울특별시,서초구,서울특별시 서초구 서래로 48 (반포동)1522-3232
271,몬테소리  ,서울특별시,서초구,서울특별시 서초구 강남대로 399 (서초동)1522-3232
272,서초역  ,서울특별시,서초구,서울특별시 서초구 반포대로 118 (서초동)1522-3232
273,교대법원  ,서울특별시,서초구,서울특별시 서초구 서초중앙로 164 (서초동)1522-3232
274,강남GT타워  ,서울특별시,서초구,"서울특별시 서초구 서초대로 411, GT타워 (서초동)1522-3232"
275,서초동  ,서울특별시,서초구,"서울특별시 서초구 남부순환로339길 64, 현우빌딩 1층 (서초동)1522-3232"
276,서울교대  ,서울특별시,서초구,"서울특별시 서초구 서초중앙로 64, 1층 (서초동)1522-3232"
277,강남에비뉴  ,서울특별시,서초구,"서울특별시 서초구 서초대로77길 62, 강남역아이파크 B102~B105 (서초동)1522-3232"
278,서이초교사거리  ,서울특별시,서초구,서울특별시 서초구 사임당로 143 (서초동)1522-3232
279,서울웨이브아트센터  ,서울특별시,서초구,서울특별시 서초구 잠원로 145-35 (잠원동)1522-3232
280,예술의전당  ,서울특별시,서초구,"서울특별시 서초구 남부순환로323길 1, 1층 (서초동)1522-3232"
281,길음역  ,서울특별시,성북구,서울특별시 성북구 정릉로 376 (돈암동)1522-3232
282,미아이마트  ,서울특별시,성북구,서울특별시 성북구 도봉로 17 1522-3232
283,종암DT  ,서울특별시,성북구,서울특별시 성북구 종암로 17 (종암동)1522-3232
284,미아  ,서울특별시,성북구,서울특별시 성북구 동소문로 314 (하월곡동)1522-3232
285,성신여대정문  ,서울특별시,성북구,서울특별시 성북구 보문로34길 62 (동선동2가)1522-3232
286,종암  ,서울특별시,성북구,서울특별시 성북구 종암로 122 (종암동)1522-3232
287,삼선교  ,서울특별시,성북구,서울특별시 성북구 동소문로 10 (동소문동2가)1522-3232
288,월곡역  ,서울특별시,성북구,"서울특별시 성북구 화랑로 76, 101-1호 (하월곡동)1522-3232"
289,고대  ,서울특별시,성북구,서울특별시 성북구 고려대로24길 51 (안암동5가)1522-3232
290,현대미아  ,서울특별시,성북구,서울특별시 성북구 동소문로 315 (길음동) 지하1층1522-3232
291,성신여대  ,서울특별시,성북구,서울특별시 성북구 동소문로24길 12 (동선동1가)1522-3232
292,안암역  ,서울특별시,성북구,서울특별시 성북구 고려대로 102-2 (안암동5가)1522-3232
293,한성대입구역  ,서울특별시,성북구,서울특별시 성북구 성북로 11 (성북동1가)1522-3232
294,장위뉴타운  ,서울특별시,성북구,서울특별시 성북구 장월로38길 4 (장위동)1522-3232
295,송파나루역DT  ,서울특별시,송파구,서울특별시 송파구 오금로 142 (송파동)1522-3232
296,송파헬리오시티  ,서울특별시,송파구,"서울특별시 송파구 송파대로 345 (가락동, 헬리오시티)1522-3232"
297,잠실시그마타워  ,서울특별시,송파구,서울특별시 송파구 올림픽로 289 (신천동)1522-3232
298,문정법원로R  ,서울특별시,송파구,서울특별시 송파구 송파대로 201 (문정동)1522-3232
299,송파개롱역  ,서울특별시,송파구,서울특별시 송파구 오금로 420 (가락동)1522-3232
300,문정하비오  ,서울특별시,송파구,"서울특별시 송파구 송파대로 111 (문정동, 파크하비오) 204동 104호~107호1522-3232"
301,문정역  ,서울특별시,송파구,"서울특별시 송파구 송파대로 167 (문정동)테라타워 B동 137호~139호,204호1522-3232"
302,잠실대교남단R  ,서울특별시,송파구,서울특별시 송파구 송파대로 570 타워 730 1층1522-3232
303,송파위례  ,서울특별시,송파구,"서울특별시 송파구 위례광장로 230 (장지동, 위례2차아이파크)1522-3232"
304,송파방이DT  ,서울특별시,송파구,서울특별시 송파구 오금로 241 (방이동)1522-3232
305,송파구청  ,서울특별시,송파구,서울특별시 송파구 오금로 87 (방이동)1522-3232
306,올림픽평화의문  ,서울특별시,송파구,서울특별시 송파구 위례성대로 38 (방이동) 해태그린피아빌라트1522-3232
307,송파아이파크  ,서울특별시,송파구,서울특별시 송파구 법원로 55 (문정동)1522-3232
308,송파사거리  ,서울특별시,송파구,서울특별시 송파구 송파대로 386 (송파동)1522-3232
309,석촌서호  ,서울특별시,송파구,서울특별시 송파구 석촌호수로 176 (삼전동)1522-3232
310,문정로데오  ,서울특별시,송파구,서울특별시 송파구 동남로 141 (가락동)1522-3232
311,올림픽훼미리  ,서울특별시,송파구,서울특별시 송파구 중대로 68 (문정동)1522-3232
312,올림픽공원남문  ,서울특별시,송파구,서울특별시 송파구 위례성대로 102 (방이동)1522-3232
313,방이역  ,서울특별시,송파구,"서울특별시 송파구 마천로 53, 1~2층 (오금동)1522-3232"
314,석촌호수  ,서울특별시,송파구,서울특별시 송파구 석촌호수로 262 (송파동)1522-3232
315,잠실푸르지오월드  ,서울특별시,송파구,"서울특별시 송파구 올림픽로35가길 9, 잠실푸르지오월드마크 1층 (신천동)1522-3232"
316,잠실새내역  ,서울특별시,송파구,서울특별시 송파구 올림픽로 96 (잠실동)1522-3232
317,잠실역  ,서울특별시,송파구,"서울특별시 송파구 송파대로 562 (신천동, 웰리스타워,삼성웰리스아파트) 1층,2층1522-3232"
318,갤러리아팰리스  ,서울특별시,송파구,"서울특별시 송파구 올림픽로 212, 갤러리아 팰리스 (잠실동)1522-3232"
319,아시아선수촌  ,서울특별시,송파구,서울특별시 송파구 백제고분로 69 (잠실동)1522-3232
320,올림픽아파트  ,서울특별시,송파구,서울특별시 송파구 양재대로 1222 (방이동)1522-3232
321,가락본동  ,서울특별시,송파구,서울특별시 송파구 송파대로30길 13 (가락동)1522-3232
322,석촌역  ,서울특별시,송파구,"서울특별시 송파구 백제고분로 358, 1층 (석촌동)1522-3232"
323,가락시장역  ,서울특별시,송파구,"서울특별시 송파구 중대로 121, 롯데캐슬 파인힐 1층 (가락동)1522-3232"
324,가든파이브  ,서울특별시,송파구,서울특별시 송파구 충민로 10 (문정동) 가든파이브툴1522-3232
325,송파NC  ,서울특별시,송파구,서울특별시 송파구 충민로 66 (문정동)  가든파이브라이프 패션관1층1522-3232
326,몽촌토성역  ,서울특별시,송파구,서울특별시 송파구 위례성대로 6 1522-3232
327,송파KT  ,서울특별시,송파구,"서울특별시 송파구 잠실로 209 (신천동), 오피스빌딩 1층 2~4호1522-3232"
328,송파마천사거리DT  ,서울특별시,송파구,서울특별시 송파구 거마로 78 (마천동)1522-3232
329,목동파리공원  ,서울특별시,양천구,서울특별시 양천구 목동동로 377 (목동)1522-3232
330,등촌역  ,서울특별시,양천구,서울특별시 양천구 공항대로 566 (목동) 1층 2층1522-3232
331,목동행복한  ,서울특별시,양천구,서울특별시 양천구 목동동로 309 (목동)1522-3232
332,신정DT  ,서울특별시,양천구,서울특별시 양천구 신월로 341 (신정동)1522-3232
333,목동역  ,서울특별시,양천구,서울특별시 양천구 목동로 203 (신정동) 1층일부1522-3232
334,목동오목로  ,서울특별시,양천구,"서울특별시 양천구 오목로 279 (목동) 102,103,104,105호1522-3232"
335,목동8단지  ,서울특별시,양천구,서울특별시 양천구 목동서로 299 (신정동)1522-3232
336,오목교역  ,서울특별시,양천구,서울특별시 양천구 오목로 354 (목동)1522-3232
337,신월IC DT  ,서울특별시,양천구,서울특별시 양천구 남부순환로 430 (신월동)1522-3232
338,목동7단지  ,서울특별시,양천구,서울특별시 양천구 목동서로 213 (목동) 세신비젼프라자1522-3232
339,목동5단지  ,서울특별시,양천구,"서울특별시 양천구 목동동로 411, 1동 116호(목동, 부영그린타운3차)1522-3232"
340,목동  ,서울특별시,양천구,서울특별시 양천구 목동서로 67 (목동) 우성에펠타운1522-3232
341,현대목동  ,서울특별시,양천구,"서울특별시 양천구 목동동로 257 (목동, 현대하이페리온) 지하2층1522-3232"
342,목동파라곤  ,서울특별시,양천구,"서울특별시 양천구 목동서로 155, 목동파라곤 1층 (목동)1522-3232"
343,목동트라팰리스  ,서울특별시,양천구,서울특별시 양천구 오목로 299 (목동)1522-3232
344,목동10단지  ,서울특별시,양천구,"서울특별시 양천구 목동서로 401 (신정동, 대림아크로빌), 상가A동 101,101-1호1522-3232"
345,신월동DT  ,서울특별시,양천구,서울특별시 양천구 남부순환로 319 (신월동)1522-3232
346,타임스퀘어R  ,서울특별시,영등포구,서울특별시 영등포구 영중로 15 지하 1층 (영등포동4가)1522-3232
347,샛강역  ,서울특별시,영등포구,서울특별시 영등포구 여의대방로 376 (여의도동)1522-3232
348,영등포역  ,서울특별시,영등포구,서울특별시 영등포구 경인로 870 (영등포동1가)1522-3232
349,당산대로  ,서울특별시,영등포구,서울특별시 영등포구 양평로 22 (당산동6가)1522-3232
350,여의도IFC몰(L1)R  ,서울특별시,영등포구,서울특별시 영등포구 국제금융로 10 (여의도동)  지하1층 178호1522-3232
351,여의도KBS R  ,서울특별시,영등포구,서울특별시 영등포구 의사당대로 26 (여의도동)1522-3232
352,여의도화재보험  ,서울특별시,영등포구,서울특별시 영등포구 국제금융로6길 38 (여의도동)1522-3232
353,국회대로  ,서울특별시,영등포구,서울특별시 영등포구 국회대로 786 (여의도동)1522-3232
354,영등포KT  ,서울특별시,영등포구,서울특별시 영등포구 영중로 119 (영등포동8가)1522-3232
355,여의도공원R  ,서울특별시,영등포구,서울특별시 영등포구 여의공원로 101 (여의도동)1522-3232
356,국회의사당역  ,서울특별시,영등포구,서울특별시 영등포구 의사당대로 8 (여의도동)1522-3232
357,선유도역  ,서울특별시,영등포구,서울특별시 영등포구 양평로 115 (양평동4가)1522-3232
358,여의도역R  ,서울특별시,영등포구,서울특별시 영등포구 의사당대로 83 (여의도동) 1층1522-3232
359,선유동이레빌딩  ,서울특별시,영등포구,서울특별시 영등포구 선유동2로 57 (양평제1동) 이레빌딩1522-3232
360,동여의도  ,서울특별시,영등포구,서울특별시 영등포구 국제금융로 86 (여의도동) 롯데캐슬 아이비1522-3232
361,여의도ABL타워  ,서울특별시,영등포구,서울특별시 영등포구 의사당대로 147 (여의도동) 알리안츠타워1522-3232
362,영등포신길  ,서울특별시,영등포구,"서울특별시 영등포구 신길로 137 (신길동) 1,2층1522-3232"
363,문래역  ,서울특별시,영등포구,서울특별시 영등포구 당산로 34 (문래동3가)1522-3232
364,당산  ,서울특별시,영등포구,서울특별시 영등포구 양평로 64 (당산동6가)1522-3232
365,여의도한양증권  ,서울특별시,영등포구,서울특별시 영등포구 국제금융로6길 7 (여의도동) 한양증권1522-3232
366,여의도일신  ,서울특별시,영등포구,서울특별시 영등포구 은행로 11 (여의도동) 1층 1부1522-3232
367,신세계타임스퀘어B2  ,서울특별시,영등포구,"서울특별시 영등포구 영중로 9, 신세계타임스퀘어점 리빙관 지하2층 (영등포동4가)1522-3232"
368,하이테크시티  ,서울특별시,영등포구,서울특별시 영등포구 경인로 775 (문래동3가) 에이스하이테크시티1522-3232
369,여의도  ,서울특별시,영등포구,서울특별시 영등포구 국제금융로2길 28 (여의도동)1522-3232
370,롯데캐슬여의도  ,서울특별시,영등포구,"서울특별시 영등포구 의사당대로 127 (여의도동, 롯데캐슬엠파이어) 1층 104호1522-3232"
371,문래동  ,서울특별시,영등포구,"서울특별시 영등포구 선유로 64, 대창타운빌 1층 (문래동3가)1522-3232"
372,신세계타임스퀘어1F  ,서울특별시,영등포구,"서울특별시 영등포구 영중로 9, 신세계백화점 리빙관 1층 (영등포동4가)1522-3232"
373,여의도호성  ,서울특별시,영등포구,"서울특별시 영등포구 여의대방로65길 24, 호성빌딩 1층 (여의도동)1522-3232"
374,타임스퀘어B2  ,서울특별시,영등포구,"서울특별시 영등포구 영중로 15, 지하2층 (영등포동4가)1522-3232"
375,영등포본동  ,서울특별시,영등포구,서울특별시 영등포구 영등포로 254 (영등포동3가)1522-3232
376,타임스퀘어2F  ,서울특별시,영등포구,서울특별시 영등포구 영중로 15 지상2층 (영등포동4가)1522-3232
377,여의도의사당  ,서울특별시,영등포구,"서울특별시 영등포구 국회대로74길 12, 남중빌딩 1층 (여의도동)1522-3232"
378,여의도IFC(1F)  ,서울특별시,영등포구,서울특별시 영등포구 국제금융로 10 (여의도동)1522-3232
379,여의도신한금융투자타워  ,서울특별시,영등포구,서울특별시 영등포구 여의대로 70 (여의도동)1522-3232
380,선유도역 1번출구  ,서울특별시,영등포구,서울특별시 영등포구 양평로 128 (양평동5가)양평로 1281522-3232
381,영등포구청역  ,서울특별시,영등포구,서울특별시 영등포구 국회대로 558 1522-3232
382,서울양평역  ,서울특별시,영등포구,"서울특별시 영등포구 선유서로24길 6 (양평동1가, 영등포 중흥 S-CLASS)1522-3232"
383,영등포시장교차로  ,서울특별시,영등포구,서울특별시 영등포구 영중로 45 (영등포동6가)1522-3232
384,더현대서울(B2)R  ,서울특별시,영등포구,서울특별시 영등포구 여의대로 108 (여의도동)1522-3232
385,당산역사거리  ,서울특별시,영등포구,서울특별시 영등포구 양평로 47 (당산동5가)1522-3232
386,불광역  ,서울특별시,은평구,서울특별시 은평구 통일로 715 1522-3232
387,구파발사거리  ,서울특별시,은평구,서울특별시 은평구 진관3로 21 은평엘크루 101동 105-108호1522-3232
388,연신내역사거리  ,서울특별시,은평구,서울특별시 은평구 통일로 842 (불광동)1522-3232
389,연신내  ,서울특별시,은평구,서울특별시 은평구 통일로 867 (갈현동)1522-3232
390,구파발역  ,서울특별시,은평구,서울특별시 은평구 진관2로 121522-3232
391,은평구청입구  ,서울특별시,은평구,서울특별시 은평구 은평로 170 (응암동)1522-3232
392,은평이마트  ,서울특별시,은평구,서울특별시 은평구 은평로 111 (응암동)1522-3232
393,구산역  ,서울특별시,은평구,서울특별시 은평구 연서로 146 (대조동)1522-3232
394,연합뉴스  ,서울특별시,종로구,서울특별시 종로구 율곡로2길 25 (수송동)1522-3232
395,혜화역  ,서울특별시,종로구,서울특별시 종로구 대학로12길 4 1~2층1522-3232
396,경희궁로  ,서울특별시,종로구,서울특별시 종로구 새문안로3길 15 (당주동)1522-3232
397,강북삼성병원  ,서울특별시,종로구,서울특별시 종로구 새문안로 29 (평동)1522-3232
398,종로평창동  ,서울특별시,종로구,서울특별시 종로구 평창12길 3 (평창동)1522-3232
399,광화문우체국  ,서울특별시,종로구,서울특별시 종로구 종로 6 (서린동)1522-3232
400,더종로R  ,서울특별시,종로구,서울특별시 종로구 종로 51 (종로2가)1522-3232
401,독립문역  ,서울특별시,종로구,서울특별시 종로구 송월길 155 경희궁자이 4단지 1층 팰리스애비뉴 4114~4119호1522-3232
402,정부서울청사R  ,서울특별시,종로구,서울특별시 종로구 새문안로5가길 28 (적선동)1522-3232
403,동묘앞역  ,서울특별시,종로구,"서울특별시 종로구 종로 344 (숭인동, 대우디오빌) 101호 일부, 201호 일부1522-3232"
404,종로구청  ,서울특별시,종로구,서울특별시 종로구 삼봉로 71 (수송동)1522-3232
405,북촌로  ,서울특별시,종로구,서울특별시 종로구 북촌로4길 23 (계동)1522-3232
406,종로수송  ,서울특별시,종로구,서울특별시 종로구 종로5길 30 (청진동) 1~3층1522-3232
407,새문안로  ,서울특별시,종로구,서울특별시 종로구 새문안로 92 (신문로1가) 광화문오피시아빌딩1522-3232
408,안국  ,서울특별시,종로구,서울특별시 종로구 북촌로 5-1 (재동)1522-3232
409,삼청동  ,서울특별시,종로구,서울특별시 종로구 삼청로 111-1 (삼청동)1522-3232
410,광화문D타워  ,서울특별시,종로구,서울특별시 종로구 종로3길 17 (청진동) D타워1522-3232
411,적선  ,서울특별시,종로구,"서울특별시 종로구 새문안로5길 55, 노스게이트빌딩 1층 (적선동)1522-3232"
412,인사  ,서울특별시,종로구,서울특별시 종로구 인사동길 14 (인사동)1522-3232
413,영풍문고  ,서울특별시,종로구,서울특별시 종로구 청계천로 41 (서린동) 영풍빌딩1522-3232
414,광화문R  ,서울특별시,종로구,서울특별시 종로구 세종대로 167 (세종로)1522-3232
415,성대입구  ,서울특별시,종로구,서울특별시 종로구 창경궁로 235 (명륜3가)1522-3232
416,스페이스본  ,서울특별시,종로구,서울특별시 종로구 사직로8길 4 (사직동) 광화문 풍림스페이스본1522-3232
417,주얼리시티  ,서울특별시,종로구,서울특별시 종로구 종로 183 (인의동) 효성주얼리시티1522-3232
418,종각  ,서울특별시,종로구,서울특별시 종로구 종로 64 (종로2가)1522-3232
419,동숭로아트  ,서울특별시,종로구,서울특별시 종로구 동숭길 110 (동숭동)1522-3232
420,종로관철  ,서울특별시,종로구,"서울특별시 종로구 종로12길 21, 2층 (관철동)1522-3232"
421,경복궁역  ,서울특별시,종로구,"서울특별시 종로구 자하문로4길 6, 1층 (통의동)1522-3232"
422,이마빌딩  ,서울특별시,종로구,서울특별시 종로구 종로1길 42 (수송동)1522-3232
423,마로니에공원  ,서울특별시,종로구,"서울특별시 종로구 대학로 116, 1-2층 (동숭동)1522-3232"
424,종로3가  ,서울특별시,종로구,"서울특별시 종로구 종로 113-1, 1-4층 (종로3가)1522-3232"
425,대학로  ,서울특별시,종로구,"서울특별시 종로구 대학로 57, 홍익대학교 대학로캠퍼스 內 (연건동)1522-3232"
426,경복궁사거리  ,서울특별시,종로구,"서울특별시 종로구 율곡로 6, B동 101호(중학동, 트윈트리타워)1522-3232"
427,종로관수  ,서울특별시,종로구,서울특별시 종로구 삼일대로20길 13 (관수동)1522-3232
428,정동  ,서울특별시,종로구,서울특별시 종로구 새문안로 42 (신문로2가)1522-3232
429,종로플레이스  ,서울특별시,종로구,서울특별시 종로구 창경궁로 120 (인의동)1522-3232
430,강북삼성병원1층  ,서울특별시,종로구,서울특별시 종로구 새문안로 29 (평동)1522-3232
431,동숭길입구  ,서울특별시,종로구,서울특별시 종로구 대학로 146 (혜화동)1522-3232
432,서울대치과병원  ,서울특별시,종로구,서울특별시 종로구 대학로 101 서울대학교 치과병원 신관1층1522-3232
433,서대문역  ,서울특별시,종로구,서울특별시 종로구 통일로 134 (평동)1522-3232
434,숭례문북창  ,서울특별시,중구,서울특별시 중구 세종대로12길 12 (남대문로4가)1522-3232
435,을지로4가역  ,서울특별시,중구,서울특별시 중구 을지로 170 (을지로4가)1522-3232
436,동대문두타  ,서울특별시,중구,서울특별시 중구 장충단로 275 (을지로6가)1522-3232
437,대한상공회의소R  ,서울특별시,중구,서울특별시 중구 세종대로 39 상공회의소회관 1층1522-3232
438,국립중앙의료원  ,서울특별시,중구,서울특별시 중구 을지로 251 (을지로6가)1522-3232
439,동국대  ,서울특별시,중구,서울특별시 중구 서애로 1길 111522-3232
440,신세계본점5F  ,서울특별시,중구,서울특별시 중구 소공로 63 (충무로1가)1522-3232
441,을지로내외빌딩R  ,서울특별시,중구,서울특별시 중구 을지로 51 (을지로2가)1522-3232
442,대우재단빌딩  ,서울특별시,중구,서울특별시 중구 퇴계로 18 (남대문로5가)1522-3232
443,동대문공원  ,서울특별시,중구,서울특별시 중구 장충단로 229 (광희동1가)1522-3232
444,을지로국제빌딩  ,서울특별시,중구,서울특별시 중구 남대문로 109 (다동)1522-3232
445,동대입구역  ,서울특별시,중구,서울특별시 중구 장충단로 166 (장충동1가)1522-3232
446,신당역사거리  ,서울특별시,중구,서울특별시 중구 다산로 258 (흥인동)1522-3232
447,연세세브란스  ,서울특별시,중구,서울특별시 중구 통일로 10 (남대문로5가)1522-3232
448,회현역  ,서울특별시,중구,서울특별시 중구 퇴계로 72 (회현동) 리더스뷰남산1522-3232
449,을지로경기빌딩  ,서울특별시,중구,서울특별시 중구 남대문로10길 9 (삼각동) 경기빌딩1522-3232
450,을지로2가  ,서울특별시,중구,서울특별시 중구 삼일대로 358 (을지로2가)1522-3232
451,신세계본점6F  ,서울특별시,중구,서울특별시 중구 퇴계로 77 (충무로1가)1522-3232
452,서울중앙우체국  ,서울특별시,중구,서울특별시 중구 소공로 70 (충무로 1가) 서울 중앙 우체국1522-3232
453,한국프레스센터  ,서울특별시,중구,서울특별시 중구 세종대로 124 (태평로1가)1522-3232
454,명동중앙로  ,서울특별시,중구,서울특별시 중구 명동길 60 (명동 2가)1522-3232
455,약수역  ,서울특별시,중구,서울특별시 중구 다산로 129 (신당동)1522-3232
456,중구저동  ,서울특별시,중구,서울특별시 중구 수표로 34 (저동2가)1522-3232
457,명동길  ,서울특별시,중구,서울특별시 중구 명동10길 411522-3232
458,소공로북창  ,서울특별시,중구,서울특별시 중구 세종대로18길 32 (소공동) 삼원빌딩1522-3232
459,서소문로  ,서울특별시,중구,서울특별시 중구 서소문로 120 (서소문동) 대한빌딩1522-3232
460,신당역  ,서울특별시,중구,"서울특별시 중구 퇴계로 385, 1층 (흥인동)1522-3232"
461,명동메트로  ,서울특별시,중구,서울특별시 중구 명동9가길 14 (을지로1가) 메트로호텔1522-3232
462,숭례문  ,서울특별시,중구,"서울특별시 중구 세종대로 17, 와이즈타워 1층 (남대문로5가)1522-3232"
463,순화동더샵  ,서울특별시,중구,"서울특별시 중구 칠패로 27, 1층 (순화동)1522-3232"
464,대한극장  ,서울특별시,중구,"서울특별시 중구 퇴계로 212 (필동2가) 1,2층1522-3232"
465,환구단  ,서울특별시,중구,서울특별시 중구 소공로 112 (소공동)1522-3232
466,무교동  ,서울특별시,중구,서울특별시 중구 무교로 21 (무교동) 코오롱빌딩 1층1522-3232
467,문화일보  ,서울특별시,중구,서울특별시 중구 새문안로 22 (충정로1가) 문화일보1522-3232
468,태평로  ,서울특별시,중구,"서울특별시 중구 세종대로 72, 대영빌딩 1층 (태평로2가)1522-3232"
469,퍼시픽타워  ,서울특별시,중구,"서울특별시 중구 세종대로9길 41, 퍼시픽타워 1층 (서소문동)1522-3232"
470,남산단암  ,서울특별시,중구,"서울특별시 중구 소월로 10, 단암빌딩 (남대문로5가)1522-3232"
471,황학캐슬  ,서울특별시,중구,서울특별시 중구 청계천로 400 (황학동) 롯데캐슬베네치아1522-3232
472,을지로삼화타워  ,서울특별시,중구,서울특별시 중구 을지로5길 16 (을지로2가) 1층1522-3232
473,소공로  ,서울특별시,중구,"서울특별시 중구 남대문로7길 19, 삼영빌딩 1층 일부 (소공동)1522-3232"
474,서소문배재  ,서울특별시,중구,서울특별시 중구 서소문로 99 (서소문동)1522-3232
475,을지로한국빌딩  ,서울특별시,중구,"서울특별시 중구 을지로 50, 1층 (을지로 2가)1522-3232"
476,KG타워  ,서울특별시,중구,서울특별시 중구 통일로 92 (순화동) KG타워1522-3232
477,시청  ,서울특별시,중구,"서울특별시 중구 을지로 19, 삼성화재삼성빌딩 1층 (을지로1가)1522-3232"
478,시청플러스  ,서울특별시,중구,"서울특별시 중구 을지로 19, 삼성화재삼성빌딩 1층 (을지로1가)1522-3232"
479,충무로역  ,서울특별시,중구,"서울특별시 중구 퇴계로 197, 충무빌딩 1층 (필동 2가)1522-3232"
480,명동역  ,서울특별시,중구,"서울특별시 중구 퇴계로 101, 건물 전체 (충무로 1가)1522-3232"
481,명동입구  ,서울특별시,중구,서울특별시 중구 남대문로 68-1 (명동2가)1522-3232
482,무교로  ,서울특별시,중구,서울특별시 중구 무교로 15 (무교동)1522-3232
483,숭례문SG타워  ,서울특별시,중구,서울특별시 중구 세종대로 14 (남대문로5가)1522-3232
484,레스케이프호텔  ,서울특별시,중구,서울특별시 중구 퇴계로 67 (회현동1가)1522-3232
485,별다방  ,서울특별시,중구,서울특별시 중구 퇴계로 100 (회현동2가)1522-3232
486,포포인츠명동  ,서울특별시,중구,서울특별시 중구 삼일대로10길 36 (저동2가)1522-3232
487,명동남산  ,서울특별시,중구,서울특별시 중구 퇴계로 132 (남산동3가)1522-3232
488,명일역  ,서울특별시,강동구,서울특별시 강동구 양재대로 1647 (명일동)1522-3232
489,강동구청DT  ,서울특별시,강동구,서울특별시 강동구 성내로 32 (성내동)1522-3232
490,강동암사DT  ,서울특별시,강동구,서울특별시 강동구 고덕로 43 (암사동)1522-3232
491,굽은다리역  ,서울특별시,강동구,"서울특별시 강동구 양재대로 1568 (명일동, 원일타워)1522-3232"
492,강동역  ,서울특별시,강동구,"서울특별시 강동구 천호대로 1089 (천호동, 강동 헤르셔)1522-3232"
493,둔촌동  ,서울특별시,강동구,서울특별시 강동구 양재대로 1303 (성내동) 평원빌딩1522-3232
494,천호로데오  ,서울특별시,강동구,서울특별시 강동구 천호대로 1037 (천호동)1522-3232
495,천호이마트  ,서울특별시,강동구,서울특별시 강동구 천호대로 1015-14 (천호동) 이마트별관1522-3232
496,길동역  ,서울특별시,강동구,서울특별시 강동구 양재대로 1487 (길동)1522-3232
497,상일동  ,서울특별시,강동구,"서울특별시 강동구 상일로10길 36, 1~2층 (상일동)1522-3232"
498,천호역  ,서울특별시,강동구,"서울특별시 강동구 천호대로 1012, 태승빌딩 (성내동)1522-3232"
499,명일이마트  ,서울특별시,강동구,서울특별시 강동구 동남로75길 5 (명일동) 명일이마트별관주차장1522-3232
500,상일동역  ,서울특별시,강동구,"서울특별시 강동구 고덕로 399 (고덕동, 고덕센트럴푸르지오)1522-3232"
501,천호사거리  ,서울특별시,강동구,서울특별시 강동구 올림픽로 651 1522-3232
502,올림픽공원북2문  ,서울특별시,강동구,서울특별시 강동구 강동대로 199 (성내동)1522-3232
503,천호대로길동  ,서울특별시,강동구,서울특별시 강동구 천호대로 1131 거산 유팰리스1522-3232
504,신도림  ,서울특별시,구로구,서울특별시 구로구 경인로 610 (신도림동)1522-3232
505,구로디지털타워  ,서울특별시,구로구,서울특별시 구로구 디지털로32길 30 (구로동)1522-3232
506,오류동역  ,서울특별시,구로구,서울특별시 구로구 경인로 216 (오류동)1522-3232
507,구로디지털로  ,서울특별시,구로구,"서울특별시 구로구 디지털로33길 11, 에이스테크노8차 1층 (구로동)1522-3232"
508,드림마크원  ,서울특별시,구로구,"서울특별시 구로구 디지털로31길 61, 드림마크원데이터센타 1층 (구로동)1522-3232"
509,구로에이스  ,서울특별시,구로구,"서울특별시 구로구 디지털로 285, 에이스트윈타워1차 103호 (구로동)1522-3232"
510,구로하이엔드  ,서울특별시,구로구,"서울특별시 구로구 디지털로26길 5, 에이스하이엔드타워1차 103호 (구로동)1522-3232"
511,현대디큐브2F  ,서울특별시,구로구,서울특별시 구로구 경인로 662 (신도림동)1522-3232
512,구로호텔  ,서울특별시,구로구,"서울특별시 구로구 디지털로32길 72, 구로호텔 1층 (구로동)1522-3232"
513,현대디큐브B2  ,서울특별시,구로구,서울특별시 구로구 경인로 662 (신도림동)1522-3232
514,구로고척  ,서울특별시,구로구,서울특별시 구로구 경인로 387 (고척동)1522-3232
515,구로NC  ,서울특별시,구로구,서울특별시 구로구 구로중앙로 152 (구로동) 구로NC1522-3232
516,답십리역  ,서울특별시,동대문구,서울특별시 동대문구 천호대로 263 (답십리동)1522-3232
517,경희대삼거리  ,서울특별시,동대문구,서울특별시 동대문구 회기로 141 (회기동)1522-3232
518,외대정문  ,서울특별시,동대문구,서울특별시 동대문구 이문로 93 (이문동)1522-3232
519,신설동역  ,서울특별시,동대문구,서울특별시 동대문구 왕산로 19 (신설동)1522-3232
520,회기역사거리  ,서울특별시,동대문구,서울특별시 동대문구 이문로 37 (회기동)1522-3232
521,외대  ,서울특별시,동대문구,서울특별시 동대문구 휘경로 12-1 (이문동)1522-3232
522,장한평역  ,서울특별시,동대문구,서울특별시 동대문구 장한로 10 (장안동)1522-3232
523,경희대  ,서울특별시,동대문구,서울특별시 동대문구 경희대로 16-1 (회기동)1522-3232
524,청량리역사  ,서울특별시,동대문구,서울특별시 동대문구 왕산로 214 (전농동)1522-3232
525,서울숲역  ,서울특별시,성동구,서울특별시 성동구 왕십리로50 1층 일부1522-3232
526,금호역  ,서울특별시,성동구,서울특별시 성동구 동호로 99 1522-3232
527,뚝섬역  ,서울특별시,성동구,서울특별시 성동구 아차산로 42 (성수동1가)1522-3232
528,황학사거리  ,서울특별시,성동구,"서울특별시 성동구 왕십리로 410 (하왕십리동, 센트라스)1522-3232"
529,성수역  ,서울특별시,성동구,서울특별시 성동구 성수이로 94 (성수동2가)1522-3232
530,상왕십리역  ,서울특별시,성동구,서울특별시 성동구 왕십리로 382 (하왕십리동)1522-3232
531,왕십리역  ,서울특별시,성동구,서울특별시 성동구 왕십리로 326 (도선동)1522-3232
532,한양대  ,서울특별시,성동구,"서울특별시 성동구 왕십리로 225 (행당동) 1,2층1522-3232"
533,엔터식스  ,서울특별시,성동구,서울특별시 성동구 왕십리광장로 17 (행당동)1522-3232
534,성수이마트  ,서울특별시,성동구,서울특별시 성동구 뚝섬로 379 (성수동2가) 이마트 성수점1522-3232
535,옥수  ,서울특별시,성동구,서울특별시 성동구 독서당로 202 (옥수동)1522-3232
536,성수낙낙  ,서울시,성동구,서울시 성동구 광나루로8길 31 성수SKV1 2동 1층 101~107호1522-3232
537,효창공원앞역  ,서울특별시,용산구,"서울특별시 용산구 백범로 313 (효창동, 용산 롯데캐슬 센터포레)1522-3232"
538,서울역서부  ,서울특별시,용산구,서울특별시 용산구 만리재로 202 (서계동)1522-3232
539,이태원역  ,서울특별시,용산구,서울특별시 용산구 이태원로 188 (이태원동)1522-3232
540,한강진역R  ,서울특별시,용산구,서울특별시 용산구 이태원로 252 (한남동)1522-3232
541,용산역써밋R  ,서울특별시,용산구,"서울특별시 용산구 한강대로 69 (한강로2가, 용산푸르지오써밋)1522-3232"
542,이촌  ,서울특별시,용산구,서울특별시 용산구 이촌로 276 (이촌동)1522-3232
543,신용산역  ,서울특별시,용산구,"서울특별시 용산구 한강대로 95 (한강로2가, 래미안용산)1522-3232"
544,용산파크타워  ,서울특별시,용산구,"서울특별시 용산구 서빙고로 67 (용산동5가, 파크타워)1522-3232"
545,남영동  ,서울특별시,용산구,서울특별시 용산구 한강대로 275 (갈월동)1522-3232
546,한남동R  ,서울특별시,용산구,서울특별시 용산구 독서당로 94 (한남동)1522-3232
547,서울타워  ,서울특별시,용산구,서울특별시 용산구 남산공원길 105 (용산동2가) YTN서울타워 1층1522-3232
548,서울역동자동  ,서울특별시,용산구,서울특별시 용산구 한강대로 372 (동자동)1522-3232
549,순천향입구  ,서울특별시,용산구,서울특별시 용산구 대사관로 67 (한남동)1522-3232
550,숙대  ,서울특별시,용산구,서울특별시 용산구 청파로47길 57 (청파동3가)1522-3232
551,동빙고  ,서울특별시,용산구,서울특별시 용산구 장문로 12 (동빙고동)1522-3232
552,숙대입구역  ,서울특별시,용산구,서울특별시 용산구 한강대로 291 (갈월동)1522-3232
553,용산아이파크몰  ,서울특별시,용산구,서울특별시 용산구 한강대로23길 551522-3232
554,동부이촌동  ,서울특별시,용산구,서울특별시 용산구 이촌로 198 (이촌동)1522-3232
555,용산해링턴스퀘어  ,서울특별시,용산구,서울특별시 용산구 서빙고로 17 (한강로3가)1522-3232
556,서울역사  ,서울특별시,용산구,서울특별시 용산구 한강대로 405 (동자동) 신-101호1522-3232
557,용산리첸시아  ,서울특별시,용산구,"서울특별시 용산구 백범로 341 (원효로1가, 리첸시아 용산)1522-3232"
558,용산전자랜드  ,서울특별시,용산구,서울특별시 용산구 청파로 74 (한강로3가)1522-3232
559,상봉  ,서울특별시,중랑구,"서울특별시 중랑구 상봉로 131 (상봉동, 상봉 듀오트리스 주상복합)1522-3232"
560,중랑역  ,서울특별시,중랑구,서울특별시 중랑구 망우로30길 3 (상봉동)1522-3232
561,중랑구청  ,서울특별시,중랑구,서울특별시 중랑구 신내로 721522-3232
562,사가정역  ,서울특별시,중랑구,서울특별시 중랑구 면목로 3101522-3232
563,상봉역  ,서울특별시,중랑구,서울특별시 중랑구 망우로 307 (상봉동)1522-3232
564,묵동이마트  ,서울특별시,중랑구,"서울특별시 중랑구 동일로 932 (묵동, 묵동자이아파트) (묵동이마트 B1층)1522-3232"
565,묵동  ,서울특별시,중랑구,서울특별시 중랑구 동일로 952 1522-3232
566,중화역  ,서울특별시,중랑구,"서울특별시 중랑구 봉화산로 35 1,2층1522-3232"
567,남이섬  ,경기도,가평군,경기도 가평군 가평읍 북한강변로 1054 북한강변로 10541522-3232
568,소노캄고양  ,경기도,고양시,경기도 고양시 일산동구 장항동 1755 1522-3232
569,일산애니골DT  ,경기도,고양시,경기도 고양시 일산동구 무궁화로 294 (풍동)1522-3232
570,동국대일산병원  ,경기도,고양시,경기도 고양시 일산동구 식사동 814 경기도 고양시 일산동구 동국로 271522-3232
571,일산풍동DT  ,경기도,고양시,경기도 고양시 일산동구 백마로 475 (풍동)1522-3232
572,백석중앙로  ,경기도,고양시,경기도 고양시 일산동구 강송로 33 (백석동)1522-3232
573,일산식사  ,경기도,고양시,경기도 고양시 일산동구 위시티2로11번길 31 (식사동)1522-3232
574,풍산이마트  ,경기도,고양시,경기도 고양시 일산동구 무궁화로 237 (중산동)1522-3232
575,백석역DT  ,경기도,고양시,"경기도 고양시 일산동구 중앙로 1054, 1층 (백석동)1522-3232"
576,백석  ,경기도,고양시,경기도 고양시 일산동구 중앙로 1059 (백석동)1522-3232
577,라페스타광장  ,경기도,고양시,경기도 고양시 일산동구 중앙로1275번길 38-9 (장항동)1522-3232
578,일산백마  ,경기도,고양시,경기도 고양시 일산동구 일산로 237 (마두동)1522-3232
579,웨스턴돔B  ,경기도,고양시,경기도 고양시 일산동구 정발산로 24 (장항동)1522-3232
580,마두역  ,경기도,고양시,경기도 고양시 일산동구 중앙로 1191 (장항동)1522-3232
581,일산동구청  ,경기도,고양시,경기도 고양시 일산동구 정발산로 38 1522-3232
582,과천DT  ,경기도,과천시,경기도 과천시 중앙로 277 (중앙동)1522-3232
583,과천이마트  ,경기도,과천시,경기도 과천시 별양상가3로 11 이마트 1층(별양동)1522-3232
584,과천  ,경기도,과천시,"경기도 과천시 중앙로 129, 고려빌딩 1층 (중앙동)1522-3232"
585,광명하안대로  ,경기도,광명시,경기도 광명시 범안로 1036 (하안동)1522-3232
586,철산역  ,경기도,광명시,경기도 광명시 철산로 15 (철산동)1522-3232
587,광명역  ,경기도,광명시,"경기도 광명시 양지로 16 (일직동, 광명역써밋플레이스)1522-3232"
588,광명소하DT  ,경기도,광명시,경기도 광명시 오리로 363 (소하동)1522-3232
589,광명소하  ,경기도,광명시,경기도 광명시 금하로 464 (소하동)1522-3232
590,광명사거리역  ,경기도,광명시,경기도 광명시 광명로 907 (광명동)1522-3232
591,철산로데오  ,경기도,광명시,경기도 광명시 디지털로 17 (철산1동) 가림빌딩1522-3232
592,광명하안  ,경기도,광명시,경기도 광명시 범안로 1060 (하안동)1522-3232
593,광명철산  ,경기도,광명시,경기도 광명시 오리로 865 (철산동)1522-3232
594,광명AK  ,경기도,광명시,"경기도 광명시 양지로 17 (일직동), 1층 일부1522-3232"
595,광명롯데몰  ,경기도,광명시,경기도 광명시 일직로 17 (일직동) 롯데아울렛 1층1522-3232
596,경기광주쌍령DT  ,경기도,광주시,경기도 광주시 경충대로 1445 (쌍령동)1522-3232
597,경기광주신현DT  ,경기도,광주시,경기도 광주시 오포읍 태재로 37 1522-3232
598,경기광주송정DT  ,경기도,광주시,경기도 광주시 송정동 12-12외 1필지 1522-3232
599,경기광주  ,경기도,광주시,경기도 광주시 광주대로 35 (경안동)1522-3232
600,경기광주초월역DT  ,경기도,광주시,경기도 광주시 초월읍 경충대로 1084 1522-3232
601,곤지암ICDT  ,경기도,광주시,경기도 광주시 곤지암읍 경충대로 765 경충대로 7651522-3232
602,구리갈매역  ,경기도,구리시,경기도 구리시 경춘북로252 A101 1522-3232
603,구리돌다리  ,경기도,구리시,"경기도 구리시 검배로 5, 우진빌딩 (수택동)1522-3232"
604,구리장자호수  ,경기도,구리시,경기도 구리시 장자대로 84 (수택동)1층전체 2층 일부1522-3232
605,구리수택  ,경기도,구리시,"경기도 구리시 체육관로 44 (수택동)1-2층 , 옥외공간1522-3232"
606,산본사거리  ,경기도,군포시,경기도 군포시 고산로701 1522-3232
607,산본  ,경기도,군포시,경기도 군포시 산본로343번길 9 (산본동) 1층1522-3232
608,산본역  ,경기도,군포시,"경기도 군포시 번영로 497, 금화프라자 1층 (산본동)1522-3232"
609,산본동  ,경기도,군포시,"경기도 군포시 산본로 398, 태주빌딩 2층1522-3232"
610,산본역서부사거리  ,경기도,군포시,경기도 군포시 번영로 485 (산본동) 롯데피트인 산본 1층 일부1522-3232
611,다산지금  ,경기도,남양주시,경기도 남양주시 다산지금로139 101~106호1522-3232
612,남양주연평DT  ,경기도,남양주시,경기도 남양주시 진접읍 해밀예당1로27 1522-3232
613,다산진건  ,경기도,남양주시,경기도 남양주시 다산중앙로 123번길 22-26 123호~128호 1522-3232
614,도농역  ,경기도,남양주시,경기도 남양주시 미금로 239 1층 101호~106호1522-3232
615,남양주진접DT  ,경기도,남양주시,경기도 남양주시 진접읍 금강로 1477 1522-3232
616,리버사이드팔당DTR  ,경기도,남양주시,경기도 남양주시 와부읍 경강로 772 1522-3232
617,별내불암로  ,경기도,남양주시,경기도 남양주시 별내5로5번길 15 (별내동)1522-3232
618,평내DT  ,경기도,남양주시,경기도 남양주시 경춘로 12691522-3232
619,별내  ,경기도,남양주시,경기도 남양주시 별내중앙로 64 1-2층1522-3232
620,평내호평역  ,경기도,남양주시,"경기도 남양주시 늘을1로16번길 25, 성보빌딩 (호평동)1522-3232"
621,남양주화도DT  ,경기도,남양주시,경기도 남양주시 화도읍 수레로1137 주1동1~2층1522-3232
622,다산DT  ,경기도,남양주시,경기도 남양주시 다산중앙로 19번길5 (다산동)1522-3232
623,남양주묵현DT  ,경기도,남양주시,경기도 남양주시 화도읍 비룡로 122 1-2층1522-3232
624,남양주삼패  ,경기도,남양주시,경기도 남양주시 경강로 384 (삼패동)1-2층 옥탑1522-3232
625,판교유스페이스  ,경기도,성남시,경기도 성남시 분당구 대왕판교로 660 (삼평동)1522-3232
626,판교알파돔타워  ,경기도,성남시,경기도 성남시 분당구 판교역로 152 (백현동)1522-3232
627,판교아비뉴프랑R  ,경기도,성남시,"경기도 성남시 분당구 동판교로177번길 25 (삼평동, 판교 호반 써밋 플레이스)1522-3232"
628,야탑터미널  ,경기도,성남시,경기도 성남시 분당구 성남대로925번길 16 (야탑동)1522-3232
629,분당이매  ,경기도,성남시,경기도 성남시 분당구 이매로 15 (이매동)1522-3232
630,분당율동공원  ,경기도,성남시,경기도 성남시 분당구 새마을로175번길 4 (율동)1522-3232
631,정자동  ,경기도,성남시,경기도 성남시 분당구 정자로 82 (정자동)1522-3232
632,판교알파돔시티  ,경기도,성남시,경기도 성남시 분당구 대왕판교로606번길 10 (백현동 알파돔시티)1522-3232
633,서판교  ,경기도,성남시,경기도 성남시 분당구 운중로 132 (운중동)1522-3232
634,판교브릿지타워  ,경기도,성남시,경기도 성남시 분당구 판교로 227번길 6 (삼평동)1522-3232
635,판교봇들마을  ,경기도,성남시,경기도 성남시 분당구 판교로 372 (삼평동)1522-3232
636,판교역로  ,경기도,성남시,경기도 성남시 분당구 판교역로 192번길 14 (삼평동)1522-3232
637,서현  ,경기도,성남시,경기도 성남시 분당구 황새울로360번길 19 (서현동) 금화빌딩1522-3232
638,미금역사거리  ,경기도,성남시,경기도 성남시 분당구 성남대로 151 (구미동)1522-3232
639,수내로  ,경기도,성남시,경기도 성남시 분당구 수내로46번길 12 (수내동) 코아빌딩1522-3232
640,정자역  ,경기도,성남시,경기도 성남시 분당구 성남대로343번길 12-2 (정자동)1522-3232
641,분당구청  ,경기도,성남시,경기도 성남시 분당구 분당로 43 (서현동)1522-3232
642,뉴코아야탑  ,경기도,성남시,"경기도 성남시 분당구 야탑로81번길 11, 뉴코아 야탑점 아울렛 1층 (야탑동)1522-3232"
643,미금역  ,경기도,성남시,경기도 성남시 분당구 돌마로 43 (금곡동) 메디파크빌딩1522-3232
644,수내  ,경기도,성남시,"경기도 성남시 분당구 황새울로 234, 분당트라팰리스 (수내동)1522-3232"
645,정자상떼뷰  ,경기도,성남시,"경기도 성남시 분당구 정자일로213번길 18 (정자동, 성원상떼뷰리젠시)1522-3232"
646,서현미래에셋  ,경기도,성남시,"경기도 성남시 분당구 황새울로359번길 11, 미래에셋빌딩 1층 (서현동)1522-3232"
647,야탑글라스  ,경기도,성남시,경기도 성남시 분당구 성남대로916번길 11 (야탑동)1522-3232
648,정자  ,경기도,성남시,"경기도 성남시 분당구 정자일로 166, SPG센터 (정자동)1522-3232"
649,분당서울대병원4  ,경기도,성남시,"경기도 성남시 분당구 구미로173번길 82, 분당서울대학교병원 신관 4층 (구미동)1522-3232"
650,분당서울대병원1  ,경기도,성남시,"경기도 성남시 분당구 구미로173번길 82, 분당서울대학교병원 신관 1층 (구미동)1522-3232"
651,서현N타운  ,경기도,성남시,경기도 성남시 분당구 황새울로335번길 5 (서현동)1522-3232
652,서현역  ,경기도,성남시,"경기도 성남시 분당구 서현로210번길 20, 1층 (서현동)1522-3232"
653,오리역  ,경기도,성남시,"경기도 성남시 분당구 성남대로 32, 1층 (구미동)1522-3232"
654,분당정자  ,경기도,성남시,"경기도 성남시 분당구 성남대로 393, 두산위브파빌리온 1층 (정자동)1522-3232"
655,수내역  ,경기도,성남시,"경기도 성남시 분당구 백현로101번길 30, 1-2층 (수내동)1522-3232"
656,정자아데나  ,경기도,성남시,경기도 성남시 분당구 성남대로 275 (정자동)1522-3232
657,분당이마트  ,경기도,성남시,경기도 성남시 분당구 불정로 134 (정자동)1522-3232
658,판교H스퀘어  ,경기도,성남시,"경기도 성남시 분당구 판교역로 231, 에이치스퀘어 (삼평동)1522-3232"
659,오리역삼거리  ,경기도,성남시,경기도 성남시 분당구 성남대로 45 (구미동)1522-3232
660,판교HIPEX  ,경기도,성남시,"경기도 성남시 분당구 판교역로 230, 판교 삼환 HIPEX (삼평동)1522-3232"
661,분당서현역AK R  ,경기도,성남시,경기도 성남시 분당구 황새울로360번길 42 (서현동)1522-3232
662,분당궁내DT  ,경기도,성남시,경기도 성남시 분당구 대왕판교로 302 (궁내동)1522-3232
663,야탑역사거리  ,경기도,성남시,경기도 성남시 분당구 야탑로 102 (야탑동)1522-3232
664,남한산성입구역  ,경기도,성남시,경기도 성남시 중원구 산성대로426번길 2 (금광동)1522-3232
665,단대오거리역  ,경기도,성남시,경기도 성남시 중원구 산성대로 340-1 (중앙동)1522-3232
666,수원금곡  ,경기도,수원시,경기도 수원시 권선구 금곡로 219 (금곡동)1522-3232
667,수원세류DT  ,경기도,수원시,경기도 수원시 권선구 권선로544번길 1 (세류동)1522-3232
668,수원호매실  ,경기도,수원시,"경기도 수원시 권선구 서수원로577번길 305 (금곡동, 수원모아미래도센트럴타운2단지)1522-3232"
669,수원권선DT  ,경기도,수원시,경기도 수원시 권선구 매송고색로 543 (오목천동)1522-3232
670,수원권선  ,경기도,수원시,경기도 수원시 권선구 동수원로177번길 40 (권선동)1522-3232
671,수원이마트  ,경기도,수원시,경기도 수원시 권선구 경수대로 270 (권선동) 2층1522-3232
672,수원세류역DT  ,경기도,수원시,경기도 수원시 권선구 경수대로 185 (세류동)1522-3232
673,수원연무DT  ,경기도,수원시,경기도 수원시 장안구 창룡대로 171 (연무동)1522-3232
674,북수원IC DT  ,경기도,수원시,경기도 수원시 장안구 경수대로 1038 (파장동)1522-3232
675,수원천천  ,경기도,수원시,경기도 수원시 장안구 덕영대로535번길 46 (천천동)1522-3232
676,수원성균관대  ,경기도,수원시,"경기도 수원시 장안구 서부로 2131, 1층 4,5,6호 2층1,2호 (율전동)1522-3232"
677,수원종합운동장  ,경기도,수원시,경기도 수원시 장안구 송원로 71 (송죽동)1522-3232
678,수원경수인계DT  ,경기도,수원시,경기도 수원시 팔달구 경수대로 499 (인계동)1522-3232
679,수원KBS DT  ,경기도,수원시,경기도 수원시 팔달구 권광로 265 (인계동)1522-3232
680,수원인계DT  ,경기도,수원시,경기도 수원시 팔달구 인계로94번길 3 (인계동)1522-3232
681,수원이비스  ,경기도,수원시,경기도 수원시 팔달구 권광로 132 (인계동)1522-3232
682,수원매산  ,경기도,수원시,경기도 수원시 팔달구 매산로 11 (매산로1가)1522-3232
683,동수원DT  ,경기도,수원시,경기도 수원시 팔달구 중부대로 161 (우만동)1522-3232
684,수원인계  ,경기도,수원시,경기도 수원시 팔달구 권광로 199 (인계동)1522-3232
685,아주대  ,경기도,수원시,경기도 수원시 팔달구 월드컵로 205 (우만동)1522-3232
686,수원역AK R  ,경기도,수원시,경기도 수원시 팔달구 덕영대로 924 (매산로1가)1522-3232
687,시흥대야DT  ,경기도,시흥시,경기도 시흥시 뱀내장터로 27 (대야동)1522-3232
688,배곧아브뉴프랑  ,경기도,시흥시,경기도 시흥시 서울대학로278번길 34 (정왕동)1522-3232
689,시흥대야동  ,경기도,시흥시,경기도 시흥시 비둘기공원7길 51 (대야동)1522-3232
690,배곧신도시  ,경기도,시흥시,경기도 시흥시 서울대학로278번길 43-13 (정왕동)1522-3232
691,시흥대야  ,경기도,시흥시,경기도 시흥시 비둘기공원로 10 (대야동)1522-3232
692,시흥P.아울렛 3F  ,경기도,시흥시,경기도 시흥시 서해안로 699 (정왕동)1522-3232
693,시흥P.아울렛 1F  ,경기도,시흥시,경기도 시흥시 서해안로 699 (정왕동)1522-3232
694,시화로데오  ,경기도,시흥시,경기도 시흥시 중심상가2길 20-5 (정왕동)1522-3232
695,시흥목감DT  ,경기도,시흥시,경기도 시흥시 동서로 950 (조남동)1522-3232
696,시흥은계  ,경기도,시흥시,경기도 시흥시 은계번영길 9 (은행동)1522-3232
697,안산고잔센트럴타워  ,경기도,안산시,경기도 안산시 단원구 고잔로 72 (고잔동)1522-3232
698,안산상공회의소  ,경기도,안산시,경기도 안산시 단원구 적금로 120 (고잔동)1522-3232
699,고잔이마트  ,경기도,안산시,경기도 안산시 단원구 원포공원1로 46 (초지동) 이마트1522-3232
700,안산문화광장  ,경기도,안산시,"경기도 안산시 단원구 광덕대로 154, ,771-4 로데오타운1층 (고잔동)1522-3232"
701,안산중앙  ,경기도,안산시,"경기도 안산시 단원구 고잔로 102, 스타타워 1층 (고잔동)1522-3232"
702,안산중앙역  ,경기도,안산시,경기도 안산시 단원구 중앙대로 907 (고잔동)1522-3232
703,안산트레이더스  ,경기도,안산시,경기도 안산시 단원구 중앙대로 397 (신길동)1522-3232
704,안성석정DT  ,경기도,안성시,경기도 안성시 중앙로 308 (석정동)1522-3232
705,안성공도DT  ,경기도,안성시,경기도 안성시 공도읍 서동대로 4489 1522-3232
706,안성계동DT  ,경기도,안성시,경기도 안성시 안성맞춤대로 805 (계동)1522-3232
707,스타필드안성R  ,경기도,안성시,경기도 안성시 공도읍 서동대로 3930-39 1522-3232
708,호계지식산업센터  ,경기도,안양시,경기도 안양시 동안구 엘에스로 122 데시앙플렉스 118~123호1522-3232
709,평촌역DT  ,경기도,안양시,경기도 안양시 동안구 시민대로 373 (관양동)1522-3232
710,안양범계  ,경기도,안양시,경기도 안양시 동안구 시민대로 206 (호계동)1522-3232
711,안양운동장사거리DT  ,경기도,안양시,경기도 안양시 동안구 관악대로 234 (비산동)1522-3232
712,범계역  ,경기도,안양시,경기도 안양시 동안구 시민대로 180 (호계동)1522-3232
713,안양호계DT  ,경기도,안양시,경기도 안양시 동안구 엘에스로 23-8 (호계동)1522-3232
714,평촌호계  ,경기도,안양시,경기도 안양시 동안구 평촌대로 123 (호계동)1522-3232
715,평촌로데오  ,경기도,안양시,경기도 안양시 동안구 관평로 182 (관양동)1522-3232
716,평촌역사거리  ,경기도,안양시,경기도 안양시 동안구 시민대로 311 금강스마트 빌딩 1층(관양동1746)1522-3232
717,안양비산DT  ,경기도,안양시,경기도 안양시 동안구 경수대로 821 (비산동)1522-3232
718,평촌아크로  ,경기도,안양시,"경기도 안양시 동안구 시민대로 230, 평촌아크로타워상가동 2층 8호 (관양동)1522-3232"
719,범계로데오  ,경기도,안양시,경기도 안양시 동안구 평촌대로 223 (호계동)1522-3232
720,인덕원역  ,경기도,안양시,"경기도 안양시 동안구 흥안대로 519, 아이퍼스트타워 1~2층 (관양동)1522-3232"
721,안양이마트  ,경기도,안양시,경기도 안양시 동안구 관악대로 104 (비산동)1522-3232
722,안양역R  ,경기도,안양시,경기도 안양시 만안구 만안로 232 (안양동) 안양민자역사 1층 001호1522-3232
723,명학역  ,경기도,안양시,"경기도 안양시 만안구 안양로 96 128,129,130,132,133,134,135,136호1522-3232"
724,안양역  ,경기도,안양시,경기도 안양시 만안구 장내로 149번길 (안양동)531522-3232
725,안양석수DT  ,경기도,안양시,경기도 안양시 만안구 경수대로 1397 (석수동)1522-3232
726,안양일번가  ,경기도,안양시,경기도 안양시 만안구 안양로292번길 36 (안양동)1522-3232
727,양주옥정타운  ,경기도,양주시,경기도 양주시 회천남로 76 (옥정동)1522-3232
728,양주송추DT  ,경기도,양주시,경기도 양주시 장흥면 호국로 528 1522-3232
729,양주덕정역DT  ,경기도,양주시,경기도 양주시 독바위로 35 (덕정동)1522-3232
730,양주고읍DT  ,경기도,양주시,경기도 양주시 고덕로351 (고읍동)1522-3232
731,양주광사DT  ,경기도,양주시,경기도 양주시 부흥로 1872 (광사동)1522-3232
732,양주고읍  ,경기도,양주시,경기도 양주시 고읍남로 20 (광사동)1522-3232
733,양주옥정공원  ,경기도,양주시,경기도 양주시 옥정동로7길 30 (옥정동)1522-3232
734,북오산IC DT  ,경기도,오산시,경기도 오산시 문시로 109-2 1522-3232
735,오산세교  ,경기도,오산시,경기도 오산시 수청로 193 1522-3232
736,오산갈곶DT  ,경기도,오산시,"경기도 오산시 경기대로 50, B동 (갈곶동)1522-3232"
737,오산IC DT  ,경기도,오산시,경기도 오산시 원동로 74(원동)1522-3232
738,오산시청  ,경기도,오산시,경기도 오산시 운천로 611522-3232
739,오산수청DT  ,경기도,오산시,경기도 오산시 경기대로 445 (수청동)1522-3232
740,용인세브란스병원  ,경기도,용인시,경기도 용인시 기흥구 동백죽전대로 363 (중동)1522-3232
741,용인상하DT  ,경기도,용인시,경기도 용인시 기흥구 중부대로 771 (상하동)1522-3232
742,용인언남  ,경기도,용인시,경기도 용인시 기흥구 구성로 120 (언남동)1522-3232
743,기흥역AK R  ,경기도,용인시,"경기도 용인시 기흥구 기흥역로 63 (구갈동, 기흥역 힐스테이트)1522-3232"
744,용인고매동  ,경기도,용인시,경기도 용인시 기흥구 신고매로 59 (고매동)1522-3232
745,용인보라DT  ,경기도,용인시,경기도 용인시 기흥구 용구대로 1877 (보라동)1522-3232
746,용인동백DT  ,경기도,용인시,경기도 용인시 기흥구 어정로 102 (상하동)1522-3232
747,용인마북DT  ,경기도,용인시,경기도 용인시 기흥구 용구대로 23301522-3232
748,용인기흥구청  ,경기도,용인시,경기도 용인시 기흥구 구갈로 71-18 (신갈동)1522-3232
749,수원IC DT  ,경기도,용인시,경기도 용인시 기흥구 중부대로 561522-3232
750,용인보정  ,경기도,용인시,"경기도 용인시 기흥구 죽전로 20, 죽전누리에뜰상가 (보정동)1522-3232"
751,구성트레이더스  ,경기도,용인시,경기도 용인시 기흥구 용구대로 2457 (보정동)1522-3232
752,강남대  ,경기도,용인시,"경기도 용인시 기흥구 강남로 3, 강남&플러스 1층(구갈동)1522-3232"
753,용인보정DT  ,경기도,용인시,경기도 용인시 기흥구 용구대로2469번길 165 (보정동)1522-3232
754,동백이마트  ,경기도,용인시,경기도 용인시 기흥구 동백죽전대로 444 (중동)1522-3232
755,용인김량장DT  ,경기도,용인시,경기도 용인시 처인구 백옥대로 1174 (김량장동)1522-3232
756,용인에버랜드R  ,경기도,용인시,경기도 용인시 처인구 포곡읍 에버랜드로 199 1522-3232
757,용인시청DT  ,경기도,용인시,경기도 용인시 처인구 중부대로 11301522-3232
758,용인처인구청  ,경기도,용인시,경기도 용인시 처인구 금령로 60 (김량장동)1522-3232
759,용인마평DT  ,경기도,용인시,경기도 용인시 처인구 금령로 188 (마평동)1522-3232
760,의왕청계DT  ,경기도,의왕시,경기도 의왕시 청계동 829-4 1522-3232
761,의왕포일  ,경기도,의왕시,경기도 의왕시 안양판교로 89 (포일동)1522-3232
762,의왕내손  ,경기도,의왕시,경기도 의왕시 내손중앙로 4 (내손동)  벨포레스퀘어 G111~116호1522-3232
763,의왕롯데몰  ,경기도,의왕시,"경기도 의왕시 바라산로 1 (학의동), GF층 일부1522-3232"
764,의정부예술의전당DT  ,경기도,의정부시,경기도 의정부시 경의로 31 (의정부동)1522-3232
765,의정부신곡DT  ,경기도,의정부시,경기도 의정부시 회룡로 269 1522-3232
766,의정부용현DT  ,경기도,의정부시,경기도 의정부시 시민로 468 (용현동)1522-3232
767,의정부공원  ,경기도,의정부시,경기도 의정부시 평화로 540 (의정부동)1522-3232
768,의정부민락  ,경기도,의정부시,경기도 의정부시 천보로 68 (민락동)1522-3232
769,의정부회룡역DT  ,경기도,의정부시,경기도 의정부시 평화로 341 (호원동)1522-3232
770,의정부녹양DT  ,경기도,의정부시,경기도 의정부시 비우로 119 (가능동)1522-3232
771,의정부금오  ,경기도,의정부시,"경기도 의정부시 청사로48번길 7, 대송프라자 (금오동)1522-3232"
772,신세계의정부2F  ,경기도,의정부시,"경기도 의정부시 평화로 525, 신세계백화점 2층 (의정부동)1522-3232"
773,신세계의정부6F  ,경기도,의정부시,"경기도 의정부시 평화로 525, 신세계백화점 6층 (의정부동)1522-3232"
774,의정부민락타운  ,경기도,의정부시,경기도 의정부시 오목로 196 (민락동)1522-3232
775,의정부장암DT  ,경기도,의정부시,경기도 의정부시 동일로 114 (장암동)1522-3232
776,의정부이마트  ,경기도,의정부시,경기도 의정부시 민락로 210 (민락동)1522-3232
777,이천증포DT  ,경기도,이천시,경기도 이천시 이섭대천로 1445 (증포동)1522-3232
778,이천사음DT  ,경기도,이천시,경기도 이천시 경충대로 3045 (사음동)1522-3232
779,이천하이닉스  ,경기도,이천시,"경기도 이천시 부발읍 경충대로 2100 외 101호, 102호, 201호1522-3232"
780,마장휴게소  ,경기도,이천시,경기도 이천시 중부대로 중부고속도로 821522-3232
781,이천터미널  ,경기도,이천시,경기도 이천시 중리천로 84 (중리동)1522-3232
782,포천DT  ,경기도,포천시,경기도 포천시 호국로 925 (선단동)1522-3232
783,하남미사DT  ,경기도,하남시,경기도 하남시 미사강변남로 35 (망월동)1522-3232
784,하남황산사거리  ,경기도,하남시,경기도 하남시 조정대로 65 (풍산동)1522-3232
785,스타필드위례1FR  ,경기도,하남시,경기도 하남시 학암동 90-33 위례스타필드1522-3232
786,미사역효성  ,경기도,하남시,경기도 하남시 아리수로 570 (망월동)1522-3232
787,하남덕풍  ,경기도,하남시,경기도 하남시 덕풍동 741-2 하남풍산메트하임1522-3232
788,하남미사  ,경기도,하남시,경기도 하남시 미사강변북로30번길 130 (망월동)1522-3232
789,스타필드하남1F(티바나)  ,경기도,하남시,경기도 하남시 미사대로 750 (신장동)1522-3232
790,신세계하남2F  ,경기도,하남시,경기도 하남시 미사대로 750 (신장동)1522-3232
791,스타필드하남2FR  ,경기도,하남시,경기도 하남시 미사대로 750 (신장동)1522-3232
792,하남신장  ,경기도,하남시,경기도 하남시 신장로 1301522-3232
793,하남시청  ,경기도,하남시,경기도 하남시 대청로 34 (신장동)1522-3232
794,하남풍산역  ,경기도,하남시,경기도 하남시 덕풍서로 80 (덕풍동) 빌리브하남 101~106호1522-3232
795,화성시청  ,경기도,화성시,경기도 화성시 남양읍 시청로 113 1522-3232
796,화성봉담  ,경기도,화성시,경기도 화성시 봉담읍 동화길 51 1522-3232
797,화성향남  ,경기도,화성시,경기도 화성시 향남읍 발안로 111 1522-3232
798,동탄카림R  ,경기도,화성시,"경기도 화성시 동탄대로시범길 134 (청계동, 시범 반도유보라 아이비파크4.0)1522-3232"
799,동탄능동DT  ,경기도,화성시,경기도 화성시 동탄지성로 201 (능동)1522-3232
800,동탄역  ,경기도,화성시,경기도 화성시 동탄대로 495 (오산동)1522-3232
801,화성병점DT  ,경기도,화성시,경기도 화성시 효행로 1013 (진안동)1522-3232
802,동탄영천  ,경기도,화성시,경기도 화성시 동탄순환대로 692 (영천동)1522-3232
803,신영통DT  ,경기도,화성시,경기도 화성시 영통로 43 (반월동)1522-3232
804,동탄센트럴파크  ,경기도,화성시,경기도 화성시 동탄지성로 104 센트럴파티오1522-3232
805,동탄  ,경기도,화성시,"경기도 화성시 메타폴리스로 54 (반송동, 동탄파라곤II) 1층1522-3232"
806,동탄광장  ,경기도,화성시,"경기도 화성시 동탄지성로 17, 풍성 위버폴리스  (반송동)1522-3232"
807,동탄이마트  ,경기도,화성시,"경기도 화성시 동탄중앙로 376, 동탄이마트 1층 (석우동)1522-3232"
808,화성봉담DT  ,경기도,화성시,경기도 화성시 효행로 219 (기안동)1522-3232
809,동탄목동  ,경기도,화성시,경기도 화성시 동탄순환대로20길 124 (목동)109호~115호1522-3232
810,화성반월DT  ,경기도,화성시,경기도 화성시 효행로 1241 (반월동)1522-3232
811,송산그린시티  ,경기도,화성시,경기도 화성시 수노을중앙로 136 1522-3232
812,동탄역롯데R  ,경기도,화성시,경기도 화성시 동탄역로 160 롯데백화점 동탄점1522-3232
813,화성안녕DT  ,경기도,화성시,경기도 화성시 효행로 751 (안녕동)1522-3232
814,동탄디엠시티  ,경기도,화성시,경기도 화성시 동탄대로 636-14 (영천동 동탄역 대방디엠시티 더 센텀)C-107 108 109 110 C-205 2061522-3232
815,화성향남2지구  ,경기도,화성시,"경기도 화성시 향남읍 발안양감로 187 발안양감로 187 센트럴프라자1동 108호,204호1522-3232"
816,동탄호수공원  ,경기도,화성시,경기도 화성시 동탄대로 181 (송동)1522-3232
817,삼송역  ,경기도,고양시,경기도 고양시 동송로 70 1522-3232
818,원흥역  ,경기도,고양시,경기도 고양시 덕양구 원흥5로 25 1522-3232
819,스타필드고양3F(티바나)  ,경기도,고양시,경기도 고양시 덕양구 고양대로 1955 (동산동)1522-3232
820,스타필드고양1FR  ,경기도,고양시,경기도 고양시 덕양구 고양대로 1955 (동산동)1522-3232
821,스타필드고양1F고메스트리트  ,경기도,고양시,경기도 고양시 덕양구 고양대로 1955 (동산동)1522-3232
822,스타필드고양3F잇토피아  ,경기도,고양시,경기도 고양시 덕양구 고양대로 1955 (동산동)1522-3232
823,고양삼송  ,경기도,고양시,경기도 고양시 덕양구 신원동 628-21522-3232
824,고양DT  ,경기도,고양시,경기도 고양시 덕양구 호국로 1775 (고양동)1522-3232
825,행신역  ,경기도,고양시,경기도 고양시 덕양구 충장로 14 (행신동)1522-3232
826,원당DT  ,경기도,고양시,경기도 고양시 덕양구 호국로 811 (주교동)1522-3232
827,화정  ,경기도,고양시,경기도 고양시 덕양구 화신로272번길 57 (화정동)1522-3232
828,화정역  ,경기도,고양시,경기도 고양시 덕양구 화신로260번길 57 (화정동)1522-3232
829,고양행신  ,경기도,고양시,경기도 고양시 덕양구 충장로 126 (행신동)1522-3232
830,고양원흥DT  ,경기도,고양시,경기도 고양시 덕양구 서오릉로663번길 8 (원흥동)1522-3232
831,고양향동  ,경기도,고양시,경기도 고양시 덕양구 꽃마을로 4 (향동동)1522-3232
832,화정호국로  ,경기도,고양시,경기도 고양시 덕양구 화수로14번길 72 (화정동)1522-3232
833,신흥역  ,경기도,성남시,경기도 성남시 수정구 산성대로 267 (신흥동)1522-3232
834,성남위례  ,경기도,성남시,경기도 성남시 수정구 위례광장로 104 (창곡동)1522-3232
835,성남이마트  ,경기도,성남시,경기도 성남시 수정구 수정로 201 (태평1동) 신세계쉐덴1522-3232
836,판교아이스퀘어  ,경기도,성남시,경기도 성남시 수정구 창업로 18(시흥동)1522-3232
837,여주DT  ,경기도,여주시,경기도 여주시 세종로 358 (점봉동)_11522-3232
838,여주P.아울렛입구  ,경기도,여주시,경기도 여주시 명품로 360 2004호 (상거동)1522-3232
839,여주P.아울렛  ,경기도,여주시,경기도 여주시 명품로 360 2400호 (상거동)1522-3232
840,평택비전  ,경기도,평택시,경기도 평택시 비전5로 20-24 (비전동)1522-3232
841,평택서정DT  ,경기도,평택시,경기도 평택시 경기대로 1353 (서정동)1522-3232
842,평택안중DT  ,경기도,평택시,경기도 평택시 안중읍 서동대로 1459 1522-3232
843,평택로데오  ,경기도,평택시,경기도 평택시 중앙2로 13 (평택동)1522-3232
844,평택AK플라자  ,경기도,평택시,경기도 평택시 평택로 51 (평택동) 평택역1522-3232
845,평택송탄  ,경기도,평택시,경기도 평택시 관광특구로 38 (서정동)1522-3232
846,평택죽백DT  ,경기도,평택시,경기도 평택시 만세로 1707 (죽백동)1522-3232
847,평택대DT  ,경기도,평택시,경기도 평택시 서동대로 3847 (용이동)1522-3232
848,평택세교DT  ,경기도,평택시,경기도 평택시 경기대로 625 (세교동)1522-3232
849,주엽강선  ,경기도,고양시,경기도 고양시 일산서구 주엽동 81 1522-3232
850,일산가로수길R  ,경기도,고양시,경기도 고양시 일산서구 대화동 1050-1851522-3232
851,일산가구단지  ,경기도,고양시,경기도 고양시 일산서구 하이파크2로 67 (덕이동)1522-3232
852,일산덕이DT  ,경기도,고양시,경기도 고양시 일산서구 탄중로 106 (덕이동)1522-3232
853,일산후곡  ,경기도,고양시,경기도 고양시 일산서구 일산로 541 (일산동)1522-3232
854,킨텍스이마트  ,경기도,고양시,경기도 고양시 일산서구 킨텍스로 1711522-3232
855,일산탄현제니스  ,경기도,고양시,경기도 고양시 일산서구 일현로 97-11 (일산위브더제니스스퀘어1동147~151)1522-3232
856,대화역  ,경기도,고양시,"경기도 고양시 일산서구 중앙로 1559, 시티타워 1~2층 (대화동)1522-3232"
857,일산주엽  ,경기도,고양시,"경기도 고양시 일산서구 중앙로 1420, 1층 (주엽동)1522-3232"
858,현대킨텍스  ,경기도,고양시,경기도 고양시 일산서구 호수로 817 현대백화점 킨텍스점 B1 1522-3232
859,문촌사거리  ,경기도,고양시,경기도 고양시 일산서구 중앙로 1470 (주엽동)1522-3232
860,일산탄현동  ,경기도,고양시,경기도 고양시 일산서구 일현로 91 (탄현동)1522-3232
861,풍무역DT  ,경기도,김포시,경기도 김포시 김포대로 657 (풍무동)1522-3232
862,풍무사거리DT  ,경기도,김포시,경기도 김포시 풍무로 137 1522-3232
863,김포아이앤씨  ,경기도,김포시,경기도 김포시 태장로 779 (장기동)1522-3232
864,김포구래  ,경기도,김포시,"경기도 김포시 김포한강4로 487 (구래동, 한강신도시 반도유보라 4차)1522-3232"
865,김포장기커낼  ,경기도,김포시,"경기도 김포시 김포한강2로 41 (장기동, E편한세상 캐널시티)1522-3232"
866,김포감정DT  ,경기도,김포시,경기도 김포시 중봉로 27 (감정동)1522-3232
867,김포운양  ,경기도,김포시,경기도 김포시 김포한강11로 288-321522-3232
868,김포이마트  ,경기도,김포시,경기도 김포시 김포한강7로 711522-3232
869,김포풍무DT  ,경기도,김포시,경기도 김포시 풍무로 45 (풍무동)1522-3232
870,김포시청  ,경기도,김포시,경기도 김포시 사우중로 35 (사우동)1522-3232
871,김포장기  ,경기도,김포시,"경기도 김포시 김포한강4로 117, 홍우프라자 102~105호 (장기동)1522-3232"
872,김포석모DT  ,경기도,김포시,"경기도 김포시 양촌읍 김포한강4로301 1,2층1522-3232"
873,부천상동역  ,경기도,부천시,경기도 부천시 길주로 105 (상동)1522-3232
874,스타필드부천  ,경기도,부천시,경기도 부천시 옥길동 768 스타필드시티부천 1522-3232
875,부천옥길  ,경기도,부천시,경기도 부천시 옥길로 118 (옥길동)1522-3232
876,부천심곡DT  ,경기도,부천시,경기도 부천시 부천로 97 (심곡동)1522-3232
877,뉴코아부천4층  ,경기도,부천시,경기도 부천시 송내대로 239 (상동)1522-3232
878,중동이마트  ,경기도,부천시,경기도 부천시 석천로 188 (중동)1522-3232
879,부천중동DT  ,경기도,부천시,경기도 부천시 부흥로 193 (중동)1522-3232
880,부천신중동역  ,경기도,부천시,경기도 부천시 길주로 281 (중동) 동화빌딩1522-3232
881,역곡역DT  ,경기도,부천시,경기도 부천시 경인로 4851522-3232
882,부천중동  ,경기도,부천시,경기도 부천시 신흥로 161 (중동)1522-3232
883,부천시청역  ,경기도,부천시,"경기도 부천시 길주로 181, 102,103,104,110,111,112호 (중동)1522-3232"
884,현대중동  ,경기도,부천시,"경기도 부천시 길주로 180, 현대백화점부천중동점 중동점 지하1층 (중동)1522-3232"
885,부천플레이도시  ,경기도,부천시,경기도 부천시 조마루로 2 (상동)1522-3232
886,송내역  ,경기도,부천시,"경기도 부천시 부일로 204, 루치올라빌딩 (상동)1522-3232"
887,부천  ,경기도,부천시,"경기도 부천시 부천로 7, 1,2층 (심곡동)1522-3232"
888,부천상동  ,경기도,부천시,경기도 부천시 상동로 87 (상동)1522-3232
889,부천중동센트럴  ,경기도,부천시,"경기도 부천시 소향로 181 (중동, 센트럴파크 푸르지오)1522-3232"
890,춘의역DT  ,경기도,부천시,경기도 부천시 길주로 386 (춘의동)1522-3232
891,신중동  ,경기도,부천시,경기도 부천시 신흥로 187 (중동)1522-3232
892,광교갤러리아9F  ,경기도,수원시,경기도 수원시 영통구 광교호수공원로 320 (하동)1522-3232
893,수원법조타운  ,경기도,수원시,경기도 수원시 영통구 광교중앙로248번길 7-2 (하동)1522-3232
894,광교역  ,경기도,수원시,경기도 수원시 영통구 대학로 47 (이의동)1522-3232
895,광교엘포트R  ,경기도,수원시,경기도 수원시 영통구 광교중앙로 145 (이의동)1522-3232
896,영통R  ,경기도,수원시,경기도 수원시 영통구 덕영대로 1566 (영통동)1522-3232
897,수원망포DT  ,경기도,수원시,경기도 수원시 영통구 덕영대로 14671522-3232
898,수원광교  ,경기도,수원시,경기도 수원시 영통구 센트럴타운로 85 (이의동) 광교C1호반베르디움1522-3232
899,수원트레이더스  ,경기도,수원시,경기도 수원시 영통구 삼성로 2 트레이더스수원점 (신동)1522-3232
900,경희대국제캠퍼스  ,경기도,수원시,경기도 수원시 영통구 덕영대로 1695 (영통동)1522-3232
901,수원망포역  ,경기도,수원시,경기도 수원시 영통구 영통로 195 (망포동)1522-3232
902,광교이마트  ,경기도,수원시,경기도 수원시 영통구 광교로 191(이의동)1522-3232
903,수원영통  ,경기도,수원시,"경기도 수원시 영통구 봉영로 1617, 훼미리타워 1층 (영통동)1522-3232"
904,안산한양대  ,경기도,안산시,"경기도 안산시 상록구 성안길 82-3, B동 1층 (사동)1522-3232"
905,안산한대앞역  ,경기도,안산시,"경기도 안산시 상록구 광덕1로 379, 한남빌딩 1~2층 (이동)1522-3232"
906,안산삼성프라자  ,경기도,안산시,"경기도 안산시 상록구 광덕1로 342 (이동), 1층 일부1522-3232"
907,경기양평  ,경기도,양평군,경기도 양평군 양평읍 시민로 75 1522-3232
908,더양평DTR  ,경기도,양평군,경기도 양평군 양평읍 양근로 76 1522-3232
909,용인죽전역R  ,경기도,용인시,"경기도 용인시 수지구 용구대로 2750 (죽전동, 죽전 효성해링턴 플레이스)1522-3232"
910,죽전단국대  ,경기도,용인시,경기도 용인시 수지구 죽전로168번길 18 (죽전동)1522-3232
911,수지동천  ,경기도,용인시,경기도 용인시 수지구 손곡로 1522-3232
912,죽전  ,경기도,용인시,경기도 용인시 수지구 현암로 140 (죽전동)1522-3232
913,수지성복DT  ,경기도,용인시,경기도 용인시 수지구 성복2로 55 (성복동)1522-3232
914,광교중앙로  ,경기도,용인시,경기도 용인시 수지구 광교마을로 41 (상현동)1522-3232
915,죽전CGV  ,경기도,용인시,경기도 용인시 수지구 포은대로 536 (죽전동) 8층1522-3232
916,죽전이마트  ,경기도,용인시,"경기도 용인시 수지구 포은대로 552, 이마트 죽전점 1층 (죽전동)1522-3232"
917,신세계경기  ,경기도,용인시,경기도 용인시 수지구 포은대로 536 (죽전동) 4층1522-3232
918,수지이마트  ,경기도,용인시,경기도 용인시 수지구 수지로 203 (신봉동)1522-3232
919,수지풍덕천  ,경기도,용인시,"경기도 용인시 수지구 수지로296번길 51-11, 비즈마루빌딩 1층 101호 (풍덕천동)1522-3232"
920,수지성복역  ,경기도,용인시,경기도 용인시 수지구 성복2로 37 (성복동)1522-3232
921,파주P.아울렛1F  ,경기도,파주시,경기도 파주시 필승로 200 1522-3232
922,파주야당역  ,경기도,파주시,경기도 파주시 야당동 1066-31522-3232
923,파주금촌역  ,경기도,파주시,경기도 파주시 문화로 109 (금촌동)1522-3232
924,파주금릉역  ,경기도,파주시,"경기도 파주시 금릉역로 84, 청원센트럴타워 1층 (금촌동)1522-3232"
925,파주운정  ,경기도,파주시,경기도 파주시 와석순환로 1351522-3232
926,파주P.아울렛3F  ,경기도,파주시,경기도 파주시 탄현면 필승로 200 1312호1522-3232
927,파주문산DT  ,경기도,파주시,경기도 파주시 파주읍 통일로 1555 (봉서리)1522-3232
928,파주산내  ,경기도,파주시,경기도 파주시 청암로17번길 29 (목동동)1522-3232
929,파주야당DT  ,경기도,파주시,경기도 파주시 경의로 966 (야당동)1522-3232
930,파주운정이마트  ,경기도,파주시,경기도 파주시 한울로 123 (동패동)1522-3232
931,지행역  ,경기도,동두천시,경기도 동두천시 지행로 55 (지행동)1522-3232
932,동두천DT  ,경기도,동두천시,경기도 동두천시 평화로 2254 (지행동)1522-3232
933,광주운남DT  ,광주광역시,광산구,광주광역시 광산구 임방울대로 156 (운남동)1522-3232
934,광주선운DT  ,광주광역시,광산구,광주광역시 광산구 선운로 20번길 63 1522-3232
935,광주산정DT  ,광주광역시,광산구,광주광역시 광산구 용아로 342 (산정동)1522-3232
936,광주흑석DT  ,광주광역시,광산구,광주광역시 광산구 사암로 367 (산정동)1522-3232
937,광주송정역  ,광주광역시,광산구,광주광역시 광산구 상무대로205번길 6 (송정동)1522-3232
938,광주수완DT  ,광주광역시,광산구,광주광역시 광산구 임방울대로 487 (수완동)1522-3232
939,광주신가DT  ,광주광역시,광산구,광주광역시 광산구 목련로 335 (신가동)1522-3232
940,광주쌍암  ,광주광역시,광산구,광주광역시 광산구 첨단중앙로 158 (쌍암동)1522-3232
941,광주장덕  ,광주광역시,광산구,광주광역시 광산구 장신로 85 (장덕동)1522-3232
942,광주하남  ,광주광역시,광산구,"광주광역시 광산구 사암로216번길 38-16, 1~2층 (우산동)1522-3232"
943,광주첨단  ,광주광역시,광산구,광주광역시 광산구 첨단중앙로 104 (월계동)1522-3232
944,광산수완  ,광주광역시,광산구,"광주광역시 광산구 장신로 134, 1~2층 (수완동)1522-3232"
945,광주비아DT  ,광주광역시,광산구,광주광역시 광산구 첨단과기로 81 (비아동)1522-3232
946,광주월산DT  ,광주광역시,남구,광주광역시 남구 대남대로 3861522-3232
947,광주주월DT  ,광주광역시,남구,광주광역시 남구 회재로 1256 (주월동)1522-3232
948,광주효천DT  ,광주광역시,남구,"광주광역시 남구 임암동 141-3, 143-21522-3232"
949,광주봉선로  ,광주광역시,남구,광주광역시 남구 제석로 104 (봉선동)1522-3232
950,광주서문대로  ,광주광역시,남구,광주광역시 남구 서문대로 665 (진월동)1522-3232
951,광주방림DT  ,광주광역시,남구,광주광역시 남구 대남대로 67 (방림동)1522-3232
952,광주봉선중앙  ,광주광역시,남구,광주광역시 남구 봉선중앙로 51 (봉선동)1522-3232
953,광주진월  ,광주광역시,남구,광주광역시 남구 서문대로 745 (주월동)1522-3232
954,광주봉선  ,광주광역시,남구,"광주광역시 남구 봉선로 176, 1층 101,111호 (봉선동)1522-3232"
955,광주지산DT  ,광주광역시,동구,광주광역시 동구 필문대로 2401522-3232
956,광주동명  ,광주광역시,동구,광주광역시 동구 동명로 16 (동명동)1522-3232
957,광주지원DT  ,광주광역시,동구,광주광역시 동구 남문로 529 (용산동)1522-3232
958,광주지산유원지입구  ,광주광역시,동구,광주광역시 동구 무등로 592 (산수동)1522-3232
959,광주황금  ,광주광역시,동구,광주광역시 동구 중앙로160번길 14 (황금동)1522-3232
960,광주무등산  ,광주광역시,동구,광주광역시 동구 증심사길 16 (운림동)1522-3232
961,충장서림  ,광주광역시,동구,"광주광역시 동구 충장로 93-5 (금남로2가, 무등맨션)1522-3232"
962,광주충장로  ,광주광역시,동구,광주광역시 동구 충장로 65 (충장로3가)1522-3232
963,충장일가  ,광주광역시,동구,광주광역시 동구 서석로 43 (충장로1가)1522-3232
964,조선대  ,광주광역시,동구,광주광역시 동구 지산로 3 (서석동)1522-3232
965,광주오치  ,광주광역시,북구,광주광역시 북구 설죽로 314 (오치동)1522-3232
966,광주연제DT  ,광주광역시,북구,광주광역시 북구 양일로18번길 2 (연제동)1522-3232
967,광주신안DT  ,광주광역시,북구,광주광역시 북구 서암대로 93 (신안동)1522-3232
968,광주매곡DT  ,광주광역시,북구,광주광역시 북구 설죽로 339 (매곡동)1522-3232
969,광주두암타운  ,광주광역시,북구,광주광역시 북구 삼정로 4 (두암동)1522-3232
970,광주일곡  ,광주광역시,북구,광주광역시 북구 설죽로 518 (일곡동)1522-3232
971,광주북구청  ,광주광역시,북구,광주광역시 북구 서방로9번길 30 (중흥동)1522-3232
972,광주첨단신용  ,광주광역시,북구,광주광역시 북구 첨단연신로 101 (신용동)1522-3232
973,광주용두DT  ,광주광역시,북구,광주광역시 북구 임방울대로 1016 (신용동)1522-3232
974,전남대  ,광주광역시,북구,"광주광역시 북구 우치로 110, 1,2,3층 (용봉동)1522-3232"
975,광주용봉  ,광주광역시,북구,광주광역시 북구 저불로 45 (용봉동)1522-3232
976,동광주DT  ,광주광역시,북구,광주광역시 북구 동문대로 148 (두암동)1522-3232
977,광주신세계DT  ,광주광역시,서구,광주광역시 서구 죽봉대로 33 (화정동)1522-3232
978,광주상무DT  ,광주광역시,서구,광주광역시 서구 상무대로 847 (쌍촌동)1522-3232
979,광주화정DT  ,광주광역시,서구,광주광역시 서구 상무대로 10801522-3232
980,광주상무중앙로  ,광주광역시,서구,광주광역시 서구 상무중앙로 46 (치평동) 1층1522-3232
981,광주상무시민로  ,광주광역시,서구,광주광역시 서구 운천로 253 (치평동) 103호1522-3232
982,광주풍암  ,광주광역시,서구,광주광역시 서구 풍암2로 8 (풍암동) 한아름빌딩1522-3232
983,광주금호DT  ,광주광역시,서구,광주광역시 서구 운천로 107 (쌍촌동)1522-3232
984,광주상무대교  ,광주광역시,서구,"광주광역시 서구 상무중앙로 90, 눈높이상무센터 1층 (치평동)1522-3232"
985,광주동림  ,광주광역시,서구,"광주광역시 서구 하남대로 672-1, 1층 (동천동)1522-3232"
986,신세계광주  ,광주광역시,서구,광주광역시 서구 무진대로 932 번지 신세계 백화점 1층1522-3232
987,광주상무  ,광주광역시,서구,광주광역시 서구 상무중앙로 75 (치평동)1522-3232
988,상무치평  ,광주광역시,서구,"광주광역시 서구 상무자유로 173, 1층 (치평동)1522-3232"
989,상무역  ,광주광역시,서구,"광주광역시 서구 상무중앙로 7, 1층 (치평동)1522-3232"
990,신세계광주신관B1  ,광주광역시,서구,"광주광역시 서구 죽봉대로 61, 패션스트리트 B01호 (화정동)1522-3232"
991,서광주DT  ,광주광역시,서구,광주광역시 서구 서광주로 23 (매월동)1522-3232
992,대구영대병원역DT  ,대구광역시,남구,대구광역시 남구 봉덕로 25 (봉덕동)1522-3232
993,대구앞산DT  ,대구광역시,남구,대구광역시 남구 현충로 32 (대명동)1522-3232
994,대구가톨릭대학교병원  ,대구광역시,남구,대구광역시 남구 두류공원로17길 33 (대명동)1522-3232
995,계명대동산병원  ,대구광역시,달서구,대구광역시 달서구 달구벌대로 1035 (신당동)1522-3232
996,대구죽전역  ,대구광역시,달서구,대구광역시 달서구 와룡로 169 1522-3232
997,대구월곡DT  ,대구광역시,달서구,대구광역시 달서구 월곡로 225 (상인동)1522-3232
998,대구광장  ,대구광역시,달서구,대구광역시 달서구 달구벌대로 1710 (두류동)1522-3232
999,대구월촌역  ,대구광역시,달서구,대구광역시 달서구 월배로 315 (송현동)1522-3232
1000,대구진천역  ,대구광역시,달서구,대구광역시 달서구 월배로 91 (진천동)1522-3232
1001,대구도원DT  ,대구광역시,달서구,대구광역시 달서구 상화로 314 (도원동)1522-3232
1002,대구월성  ,대구광역시,달서구,대구광역시 달서구 조암로 41 (월성동)1522-3232
1003,대구수목원  ,대구광역시,달서구,대구광역시 달서구 화암로 3791522-3232
1004,대구성서IC DT  ,대구광역시,달서구,대구광역시 달서구 달구벌대로 13931522-3232
1005,대구감삼DT  ,대구광역시,달서구,대구광역시 달서구 와룡로 131 1522-3232
1006,대구상인역  ,대구광역시,달서구,대구광역시 달서구 월배로 210 (상인동)1522-3232
1007,대구두류DT  ,대구광역시,달서구,대구광역시 달서구 달구벌대로 1798 (두류동)1522-3232
1008,대구상인DT  ,대구광역시,달서구,대구광역시 달서구 월곡로 334 (상인동)1522-3232
1009,대구계명대  ,대구광역시,달서구,대구광역시 달서구 계대동문로 13 (신당동)1522-3232
1010,대구성서  ,대구광역시,달서구,"대구광역시 달서구 이곡공원로 26, 이곡메디컬빌딩 (이곡동)1522-3232"
1011,대구서부정류장역  ,대구광역시,달서구,대구광역시 달서구 구마로 265 (성당동)1522-3232
1012,신세계대구3F(티바나)  ,대구광역시,동구,대구광역시 동구 동부로 149 신세계백화점 대구점 3층1522-3232
1013,신세계대구8FR  ,대구광역시,동구,대구광역시 동구 동부로 149 신세계백화점 대구점 8층1522-3232
1014,동대구로DT  ,대구광역시,동구,대구광역시 동구 동대구로 422 (신천동)1522-3232
1015,대구팔공산  ,대구광역시,동구,대구광역시 동구 파계로 6501522-3232
1016,대구봉무  ,대구광역시,동구,대구광역시 동구 팔공로51길 15-11 (봉무동)1522-3232
1017,동대구터미널  ,대구광역시,동구,대구광역시 동구 동부로30길 12 (신천동)1522-3232
1018,대구동촌유원지  ,대구광역시,동구,대구광역시 동구 효동로2길 45 (효목동)1522-3232
1019,반야월이마트  ,대구광역시,동구,"대구광역시 동구 안심로 389-2, 이마트 1층 (신서동)1522-3232"
1020,대구율하  ,대구광역시,동구,대구광역시 동구 안심로16길 47 (율하동)1522-3232
1021,대구각산역DT  ,대구광역시,동구,대구광역시 동구 안심로 383 1522-3232
1022,대구평리DT  ,대구광역시,서구,대구광역시 서구 서대구로 89 (평리1동)1522-3232
1023,대구수성도서관DT  ,대구광역시,수성구,대구광역시 수성구 화랑로 112 (만촌동)1522-3232
1024,대구그랜드호텔R  ,대구광역시,수성구,대구광역시 수성구 동대구로 305 (범어동)1522-3232
1025,국립대구박물관DT  ,대구광역시,수성구,대구광역시 수성구 청호로 318 (황금동)1522-3232
1026,대구수성호수R  ,대구광역시,수성구,대구광역시 수성구 용학로 56 (두산동)1522-3232
1027,대구수성동  ,대구광역시,수성구,대구광역시 수성구 명덕로 460 (수성동3가)1522-3232
1028,대구수성네거리DT  ,대구광역시,수성구,대구광역시 수성구 들안로 342 (수성동4가)1522-3232
1029,대구중동DT  ,대구광역시,수성구,대구광역시 수성구 수성로 243 (중동)1522-3232
1030,대구중동네거리DT  ,대구광역시,수성구,대구광역시 수성구 청수로 51 (중동)1522-3232
1031,대구상동DT  ,대구광역시,수성구,대구광역시 수성구 무학로 29(상동)1522-3232
1032,대구황금DT  ,대구광역시,수성구,대구광역시 수성구 청수로 164 (지산동)1522-3232
1033,대구삼성화재  ,대구광역시,수성구,대구광역시 수성구 동대구로 401 (범어동) 삼성화재사옥1522-3232
1034,대구시지  ,대구광역시,수성구,대구광역시 수성구 달구벌대로 3216 (신매동)1522-3232
1035,대구만촌DT  ,대구광역시,수성구,"대구광역시 수성구 달구벌대로 2636, , 853-25번지 (만촌동)1522-3232"
1036,대구수성하이츠  ,대구광역시,수성구,"대구광역시 수성구 수성로 393, 수성하이츠 1층 (수성동4가)1522-3232"
1037,동아수성  ,대구광역시,수성구,"대구광역시 수성구 지범로 191, 동아백화점수성점 1,2 층 (범물동)1522-3232"
1038,수성리더스  ,대구광역시,수성구,대구광역시 수성구 동대구로 95 (두산동)1522-3232
1039,수성레이크  ,대구광역시,수성구,대구광역시 수성구 수성못길 4 (두산동)1522-3232
1040,대구범어제니스  ,대구광역시,수성구,"대구광역시 수성구 달구벌대로 2435, 두산위브더제니스아파트 상가 1층 110호 (범어동)1522-3232"
1041,대구들안길DT  ,대구광역시,수성구,대구광역시 수성구 들안로 85 (상동)1522-3232
1042,대구만촌이마트  ,대구광역시,수성구,대구광역시 수성구 동원로 136 (만촌동)1522-3232
1043,대구시티센터  ,대구광역시,중구,대구광역시 중구 국채보상로 611 (문화동)1522-3232
1044,대구계산  ,대구광역시,중구,대구광역시 중구 달구벌대로415길 1 (계산동2가)1522-3232
1045,대구중앙로역  ,대구광역시,중구,대구광역시 중구 국채보상로 582 (남일동)1522-3232
1046,대구공평DT  ,대구광역시,중구,대구광역시 중구 국채보상로 642 (동인동2가)1522-3232
1047,반월당  ,대구광역시,중구,대구광역시 중구 달구벌대로 2085 (덕산동) 동아쇼핑1522-3232
1048,동성로광장  ,대구광역시,중구,대구광역시 중구 동성로 4 (동성로3가)1522-3232
1049,동성로중앙  ,대구광역시,중구,대구광역시 중구 동성로5길 38 (삼덕동1가)1522-3232
1050,동성로로데오  ,대구광역시,중구,대구광역시 중구 동성로5길 62 (삼덕동1가)1522-3232
1051,대구반월삼성  ,대구광역시,중구,대구광역시 중구 달구벌대로 2095 (덕산동)1522-3232
1052,대구228중앙공원  ,대구,중구,대구 중구 동성로2길 95 1522-3232
1053,대구칠성DT  ,대구광역시,북구,대구광역시 북구 중앙대로 524 (칠성동2가)1522-3232
1054,대구유통단지  ,대구광역시,북구,대구광역시 북구 유통단지로8길 78 106호 (산격동)1522-3232
1055,대구칠곡대로DT  ,대구광역시,북구,대구광역시 북구 칠곡중앙대로 348 (태전동)1522-3232
1056,대구동천  ,대구광역시,북구,대구광역시 북구 동천로 1231522-3232
1057,대구침산DT  ,대구광역시,북구,대구광역시 북구 침산로 126 (침산동)1522-3232
1058,대구칠곡  ,대구광역시,북구,대구광역시 북구 학정로 422 (구암동) 태을빌딩1522-3232
1059,경북대  ,대구광역시,북구,대구광역시 북구 대학로 75 (산격동)1522-3232
1060,대구칠성이마트  ,대구광역시,북구,대구광역시 북구 침산로 93 (칠성동2가)1522-3232
1061,대구테크노폴리스  ,대구광역시,달성군,"대구광역시 달성군 유가면 테크노상업로 84 대경타워 105호, 106호, 107호1522-3232"
1062,대구죽곡  ,대구광역시,달성군,대구광역시 달성군 달구벌대로 861 (다사읍)1522-3232
1063,대전한남대DT  ,대전광역시,대덕구,대전광역시 대덕구 한밭대로 1122 (중리동)1522-3232
1064,대전IC DT  ,대전광역시,대덕구,대전광역시 대덕구 동서대로 1776 (비래동)1522-3232
1065,대전신탄진DT  ,대전광역시,대덕구,대전광역시 대덕구 대덕대로 1544 (석봉동)1522-3232
1066,대전송촌  ,대전광역시,대덕구,"대전광역시 대덕구 송촌북로36번길 36, 1층 (송촌동)1522-3232"
1067,신탄진금강DT  ,대전광역시,대덕구,대전광역시 대덕구 신탄진로 866 (신탄진동)1522-3232
1068,대전터미널DT  ,대전광역시,동구,대전광역시 동구 동서대로 1658 (성남동)1522-3232
1069,대전판암DT  ,대전광역시,동구,대전광역시 동구 옥천로 118 (판암동)1522-3232
1070,대전스타일마켓  ,대전광역시,동구,"대전광역시 동구 동서대로 1689, 2층 (용전동)1522-3232"
1071,대전가오  ,대전광역시,동구,대전광역시 동구 동구청로 101 (가오동)1522-3232
1072,대전터미널  ,대전광역시,동구,대전광역시 동구 동서대로1695번길 4 (용전동)1522-3232
1073,대전정부청사역  ,대전광역시,서구,대전광역시 서구 한밭대로 755 (둔산동)1522-3232
1074,대전건양대병원  ,대전광역시,서구,대전광역시 서구 관저동로 170 (관저동)1층1522-3232
1075,대전탄방역  ,대전광역시,서구,대전광역시 서구 문정로2번길 95 (탄방동)1522-3232
1076,대전복수  ,대전광역시,서구,대전광역시 서구 복수남로 28 (복수동)1522-3232
1077,대전둔산남로  ,대전광역시,서구,대전광역시 서구 둔산남로 100 (탄방동)1522-3232
1078,대전둔산로  ,대전광역시,서구,대전광역시 서구 대덕대로241번길 35 (둔산동)1522-3232
1079,대전법원  ,대전광역시,서구,대전광역시 서구 둔산로123번길 43 (둔산동)1522-3232
1080,대전가수원DT  ,대전광역시,서구,대전광역시 서구 계백로 1128 (가수원동)1522-3232
1081,대전수침교DT  ,대전광역시,서구,대전광역시 서구 계룡로 692 (용문동)1522-3232
1082,대전관저  ,대전광역시,서구,대전광역시 서구 관저로 142 (관저동)1522-3232
1083,대전대덕로  ,대전광역시,서구,대전광역시 서구 대덕대로234번길 18 (둔산동)1522-3232
1084,대전목원대  ,대전광역시,서구,대전광역시 서구 동서대로 682 (도안동)1522-3232
1085,대전둔산  ,대전광역시,서구,대전광역시 서구 대덕대로 189 (둔산동)1522-3232
1086,대전만년  ,대전광역시,서구,대전광역시 서구 만년로 81 (만년동)1522-3232
1087,대전시청사거리  ,대전광역시,서구,대전광역시 서구 둔산남로 50 (탄방동)1522-3232
1088,대전월평  ,대전광역시,서구,대전광역시 서구 청사로123번길 25 (월평동)1522-3232
1089,둔산은하수  ,대전광역시,서구,"대전광역시 서구 둔산로31번길 28, 금정빌딩 1층 (둔산동)1522-3232"
1090,대전탄방  ,대전광역시,서구,"대전광역시 서구 문정로 78, 정우빌딩 1층 (탄방동)1522-3232"
1091,대전시청역  ,대전광역시,서구,대전광역시 서구 둔산로 142 (둔산동)1522-3232
1092,대전호텔  ,대전광역시,서구,"대전광역시 서구 둔산중로134번길 13, 둔산관광호텔 (둔산동)1522-3232"
1093,월평트레이더스  ,대전광역시,서구,대전광역시 서구 한밭대로 580 (월평동)1522-3232
1094,대전용문DT  ,대전광역시,서구,대전광역시 서구 도산로 336 (용문동)1522-3232
1095,대전반석역  ,대전광역시,유성구,대전광역시 유성구 북유성대로 303 (반석동)1522-3232
1096,대전도안DT  ,대전광역시,유성구,대전광역시 유성구 도안대로 573 (봉명동)1522-3232
1097,대전장대  ,대전광역시,유성구,대전광역시 유성구 유성대로 781 (장대동)1522-3232
1098,대전유성구청  ,대전광역시,유성구,대전광역시 유성구 어은로 42 (어은동)1522-3232
1099,대전지족  ,대전광역시,유성구,대전광역시 유성구 지족로 373 (지족동)1522-3232
1100,대전유성  ,대전광역시,유성구,대전광역시 유성구 온천서로 2 (봉명동)1522-3232
1101,대전전민  ,대전광역시,유성구,대전광역시 유성구 유성대로 1722 (전민동)1522-3232
1102,대전관평동  ,대전광역시,유성구,대전광역시 유성구 테크노중앙로 681522-3232
1103,대전조이마루  ,대전광역시,유성구,대전광역시 유성구 엑스포로 97번길 401522-3232
1104,대전노은  ,대전광역시,유성구,"대전광역시 유성구 은구비남로33번길 26, 1~2층 (지족동)1522-3232"
1105,충남대정문  ,대전광역시,유성구,대전광역시 유성구 대학로 82 (궁동)1522-3232
1106,대전테크노밸리  ,대전광역시,유성구,대전광역시 유성구 테크노4로 105 (관평동)1522-3232
1107,신세계대전R  ,대전광역시,유성구,"대전광역시 유성구 엑스포로 1 (도룡동), 대전신세계 백화점 5F1522-3232"
1108,대전현대아울렛  ,대전광역시,유성구,대전광역시 유성구 테크노중앙로 123(용산동) 현대프리미엄아울렛 1층1522-3232
1109,대전구암DT  ,대전광역시,유성구,대전광역시 유성구 월드컵대로289번길 6 (구암동)1522-3232
1110,신세계대전B1  ,대전광역시,유성구,"대전광역시 유성구 엑스포로 1 (도룡동), 대전신세계 백화점 B1층1522-3232"
1111,대전엑스포스카이  ,대전광역시,유성구,대전광역시 유성구 엑스포로 1 (도룡동) 신세계엑스포점 38층1522-3232
1112,대전대사DT  ,대전광역시,중구,대전광역시 중구 계룡로 949 (대사동)1522-3232
1113,대전태평  ,대전광역시,중구,대전광역시 중구 태평로 71 (태평동)1522-3232
1114,대전유천DT  ,대전광역시,중구,대전광역시 중구 계백로 1604 (유천동)1522-3232
1115,대전중앙로R  ,대전광역시,중구,대전광역시 중구 대종로 486 (은행동)1522-3232
1116,대전세이1층  ,대전광역시,중구,"대전광역시 중구 계백로 1700, 외 4필지 세이백화점 신관 (문화동)1522-3232"
1117,은행동  ,대전광역시,중구,대전광역시 중구 중앙로 164 (은행동)1522-3232
1118,대전세이  ,대전광역시,중구,"대전광역시 중구 계백로 1700, 5층 (문화동)1522-3232"
1119,금정남산동DT  ,부산광역시,금정구,부산광역시 금정구 중앙대로 1989 (남산동)1522-3232
1120,금정구청DT  ,부산광역시,금정구,부산광역시 금정구 중앙대로 1730 (부곡동)1522-3232
1121,온천장역DT  ,부산광역시,금정구,부산광역시 금정구 식물원로 13 (장전동)1522-3232
1122,부산외대  ,부산광역시,금정구,부산광역시 금정구 금샘로 4591522-3232
1123,부산대정문  ,부산광역시,금정구,부산광역시 금정구 부산대학로64번길 12 (장전동)1522-3232
1124,부산대역  ,부산광역시,금정구,"부산광역시 금정구 장전로12번길 64, 1~4층 (장전동)1522-3232"
1125,부산대  ,부산광역시,금정구,"부산광역시 금정구 금정로68번길 2, 건우빌딩 (장전동)1522-3232"
1126,금정이마트  ,부산광역시,금정구,부산광역시 금정구 중앙대로1841번길 24 (구서동)1522-3232
1127,금정구서  ,부산광역시,금정구,부산광역시 금정구 금강로 441 (구서동)1522-3232
1128,용호동W스퀘어  ,부산광역시,남구,"부산광역시 남구 분포로 145 (용호동) 더블유스퀘어동 1019호,1020호,1021호,2011호 2012호1522-3232"
1129,동명대DT  ,부산광역시,남구,부산광역시 남구 신선로 423 (용당동)1522-3232
1130,BIFC Mall  ,부산광역시,남구,부산광역시 남구 문현금융로 40 (문현동) 부산국제금융센터1522-3232
1131,대연힐스테이트  ,부산광역시,남구,부산광역시 남구 수영로 345 대연힐스테이트 115동 121호1522-3232
1132,부산대연역  ,부산광역시,남구,"부산광역시 남구 수영로 240-1, 1층 (대연동)1522-3232"
1133,경성대  ,부산광역시,남구,부산광역시 남구 수영로 312 (대연동)1522-3232
1134,부산대연못골  ,부산광역시,남구,부산광역시 남구 못골로 87 (대연동)1522-3232
1135,부산역라마다  ,부산광역시,동구,부산광역시 동구 중앙대로196번길 10 (초량동)1522-3232
1136,부산역아스티  ,부산광역시,동구,부산광역시 동구 중앙대로214번길 7-8 (초량동)1522-3232
1137,부산역  ,부산광역시,동구,부산광역시 동구 중앙대로 216 (초량동)1522-3232
1138,범일동일타워  ,부산광역시,동구,부산광역시 동구 조방로 14 (범일동)1522-3232
1139,서면중앙대로R  ,부산광역시,부산진구,부산광역시 부산진구 중앙대로 672 (부전동) 1층 2층1522-3232
1140,서면로R  ,부산광역시,부산진구,부산광역시 부산진구 서면로 49-1 (부전동)1522-3232
1141,서면NC  ,부산광역시,부산진구,부산광역시 부산진구 동천로 92 (전포동) NC백화점 1층1522-3232
1142,양정역  ,부산광역시,부산진구,부산광역시 부산진구 중앙대로 894 (양정동)1522-3232
1143,동의대역  ,부산광역시,부산진구,부산광역시 부산진구 가야대로 589 (가야제1동)1522-3232
1144,부산개금역  ,부산광역시,부산진구,부산광역시 부산진구 가야대로 462 (개금동)1522-3232
1145,서면전포역  ,부산광역시,부산진구,부산광역시 부산진구 전포대로199번길 27 (전포동)1522-3232
1146,부산서면중앙로  ,부산광역시,부산진구,부산광역시 부산진구 중앙대로 701 (부전동)1522-3232
1147,서면서전로  ,부산광역시,부산진구,부산광역시 부산진구 서전로 19 (부전동)1522-3232
1148,부산서면  ,부산광역시,부산진구,부산광역시 부산진구 중앙대로692번길 46-10 (부전동)1522-3232
1149,서면역  ,부산광역시,부산진구,부산광역시 부산진구 서전로 1 (부전동)1522-3232
1150,부전역  ,부산광역시,부산진구,"부산광역시 부산진구 중앙대로 777, 서면호텔 복합시설1,2층 (부전동)1522-3232"
1151,서면센트럴스퀘어  ,부산광역시,부산진구,부산광역시 부산진구 중앙대로666번길 50 (부전동)1522-3232
1152,서면메디컬거리  ,부산광역시,부산진구,"부산광역시 부산진구 가야대로 783-1, 1층 (부전동)1522-3232"
1153,서면중앙  ,부산광역시,부산진구,부산광역시 부산진구 서면로68번길 1 (부전동)1522-3232
1154,서면트레이더스  ,부산광역시,부산진구,부산광역시 부산진구 시민공원로 31 (부암동)1522-3232
1155,서면엠디엠타워  ,부산광역시,부산진구,부산광역시 부산진구 중앙대로 639 (범천동)1522-3232
1156,서면문화로  ,부산광역시,부산진구,부산광역시 부산진구 서면문화로 10 (부전동)1522-3232
1157,부산덕천역  ,부산광역시,북구,부산광역시 북구 만덕대로 30 (덕천동)1522-3232
1158,부산화명역  ,부산광역시,북구,부산광역시 북구 금곡대로285번길 5 (화명동)1522-3232
1159,화명강변DT  ,부산광역시,북구,부산광역시 북구 금곡대로77 (덕천동)1522-3232
1160,부산만덕DT  ,부산광역시,북구,부산광역시 북구 만덕대로 323 (만덕동)1522-3232
1161,사상주례DT  ,부산광역시,사상구,부산광역시 사상구 백양대로 520 (주례동)1522-3232
1162,동서대DT  ,부산광역시,사상구,부산광역시 사상구 가야대로 338 (주례동)1522-3232
1163,사상역  ,부산광역시,사상구,부산광역시 사상구 사상로 211 (괘법동)1522-3232
1164,사상엄궁DT  ,부산광역시,사상구,부산광역시 사상구 낙동대로 744 (엄궁동)1522-3232
1165,다대포비치  ,부산광역시,사하구,부산광역시 사하구 다대로 714 (다대동)1522-3232
1166,부산하단  ,부산광역시,사하구,부산광역시 사하구 낙동대로 455 (하단동)1522-3232
1167,다대포DT  ,부산광역시,사하구,부산광역시 사하구 다대로 493 (다대동)1522-3232
1168,을숙도강변DT  ,부산광역시,사하구,부산광역시 사하구 하신번영로 381-6 (하단동)1522-3232
1169,부산동아대  ,부산광역시,사하구,부산광역시 사하구 낙동대로550번길 14 (하단동) 1~3층1522-3232
1170,부산괴정역  ,부산광역시,사하구,부산광역시 사하구 사하로186번길 6 (괴정동)1522-3232
1171,하단중앙  ,부산광역시,사하구,부산광역시 사하구 낙동남로 1411 (하단동)1522-3232
1172,사하장림DT  ,부산광역시,사하구,부산광역시 사하구 을숙도대로 682 (장림동)1522-3232
1173,부산교대역DT  ,부산광역시,연제구,부산광역시 연제구 중앙대로 1250 (거제동)1522-3232
1174,연산시티타워  ,부산광역시,연제구,부산광역시 연제구 중앙대로 1125 (연산동)1522-3232
1175,부산교대역  ,부산광역시,연제구,부산광역시 연제구 명륜로 3 (거제제1동) 한양프라자1522-3232
1176,부산연산역  ,부산광역시,연제구,부산광역시 연제구 반송로 20 (연산동)1522-3232
1177,연산중앙로  ,부산광역시,연제구,부산광역시 연제구 중앙대로 1091 (연산동)1522-3232
1178,부산교대  ,부산광역시,연제구,부산광역시 연제구 교대로 20-2 (거제동)1522-3232
1179,연산트레이더스  ,부산광역시,연제구,부산광역시 연제구 좌수영로 241 연산동1522-3232
1180,영도대교  ,부산광역시,영도구,부산광역시 영도구 태종로 39 (대교동1가)1522-3232
1181,부산광복로R  ,부산광역시,중구,부산광역시 중구 광복중앙로 8-2 (광복동3가)1522-3232
1182,자갈치역  ,부산광역시,중구,부산광역시 중구 구덕로 54-1 (남포동5가)1522-3232
1183,국제시장  ,부산광역시,중구,부산광역시 중구 대청로 80 (대청동3가)1522-3232
1184,부산중앙역  ,부산광역시,중구,부산광역시 중구 중앙대로81번길 2 (중앙동4가)1522-3232
1185,BIFF광장  ,부산광역시,중구,부산광역시 중구 비프광장로 25 (남포동3가)1522-3232
1186,남포동역  ,부산광역시,중구,"부산광역시 중구 구덕로 4, 1~2층 (광복동1가)1522-3232"
1187,기장역DT  ,부산광역시,기장군,부산광역시 기장군 기장읍 기장대로 527 1522-3232
1188,동부산DT  ,부산광역시,기장군,부산광역시 기장군 기장읍 기장해안로 56 1522-3232
1189,부산정관  ,부산광역시,기장군,부산광역시 기장군 정관읍 정관로 579 1522-3232
1190,부산P.아울렛  ,부산광역시,기장군,부산광역시 기장군 정관로 1133 (175호)1522-3232
1191,동부산테마파크  ,부산광역시,기장군,부산광역시 기장군 기장읍 동부산관광로 34 1522-3232
1192,광안수변공원  ,부산광역시,수영구,부산광역시 수영구 민락수변로 29 (민락동)1522-3232
1193,수영역  ,부산광역시,수영구,부산광역시 수영구 수영로 671 (광안동)1522-3232
1194,금련산역  ,부산광역시,수영구,부산광역시 수영구 수영로464번길 6 (남천동)1522-3232
1195,광안비치  ,부산광역시,수영구,부산광역시 수영구 광안로62번길 39 (광안동)1522-3232
1196,수영망미DT  ,부산광역시,수영구,부산광역시 수영구 과정로 68 (망미동)1522-3232
1197,광안리  ,부산광역시,수영구,부산광역시 수영구 광안해변로 247 (민락동)1522-3232
1198,남천  ,부산광역시,수영구,부산광역시 수영구 남천바다로 38 (남천동)1522-3232
1199,스타필드명지  ,부산광역시,강서구,부산광역시 강서구 명지국제6로 168 스타필드 명지 1층1522-3232
1200,명지강변DT  ,부산광역시,강서구,부산광역시 강서구 르노삼성대로 620 (명지동)1522-3232
1201,명지국제신도시  ,부산광역시,강서구,부산광역시 강서구 명지국제5로 42 (명지동)1522-3232
1202,명지오션시티  ,부산광역시,강서구,부산광역시 강서구 명지오션시티11로 66 (명지동)1522-3232
1203,명지퍼스트월드  ,부산광역시,강서구,"부산광역시 강서구 명지국제7로 37 (명지동, 더샵 명지퍼스트월드 2단지)1522-3232"
1204,동래역  ,부산광역시,동래구,부산광역시 동래구 충렬대로181번길 42 1522-3232
1205,명륜역  ,부산광역시,동래구,부산광역시 동래구 동래로 25 1522-3232
1206,사직구장  ,부산광역시,동래구,부산광역시 동래구 사직북로 4 (사직동)1522-3232
1207,부산안락DT  ,부산광역시,동래구,부산광역시 동래구 충렬대로 446 (안락동)1522-3232
1208,동래미남DT  ,부산광역시,동래구,부산광역시 동래구 충렬대로 101 (온천동)1522-3232
1209,부산사직  ,부산광역시,동래구,부산광역시 동래구 사직북로 24 (사직동)1522-3232
1210,부산온천장역  ,부산광역시,동래구,"부산광역시 동래구 중앙대로 1523, SK허브스카이위아아파트 1층 (온천동)1522-3232"
1211,부산송도해수욕장  ,부산광역시,서구,"부산광역시 서구 송도해변로 97(101,102,201) (암남동)1522-3232"
1212,부민사거리  ,부산광역시,서구,부산광역시 서구 구덕로 212 (부민동1가)1522-3232
1213,부산동대신역  ,부산광역시,서구,부산광역시 서구 구덕로322번길 7 (동대신동3가)1522-3232
1214,더해운대R  ,부산광역시,해운대구,"부산광역시 해운대구 해운대해변로 197 (우동, 해운대경동제이드아파트)1522-3232"
1215,수영강변DT  ,부산광역시,해운대구,부산광역시 해운대구 수영강변대로 516 (반여동)1522-3232
1216,센텀파크  ,부산광역시,해운대구,"부산광역시 해운대구 센텀중앙로 145 (재송동, 더샵센텀파크1차아파트)1522-3232"
1217,해운대역  ,부산광역시,해운대구,부산광역시 해운대구 구남로 9 (우동)1522-3232
1218,부산재송DT  ,부산광역시,해운대구,부산광역시 해운대구 해운대로 189 (재송동)1522-3232
1219,해운대  ,부산광역시,해운대구,부산광역시 해운대구 구남로 49 (중동) 101호1522-3232
1220,센텀로  ,부산광역시,해운대구,부산광역시 해운대구 센텀2로 10 (우동) 센텀메디컬센타 1층 스타벅스 센텀로점1522-3232
1221,센텀신세계B1  ,부산광역시,해운대구,부산광역시 해운대구 센텀남대로 35 (우동) 센텀시티 신세계UEC1522-3232
1222,해운대달맞이DT  ,부산광역시,해운대구,부산광역시 해운대구 달맞이길 57 (중동) 1~3층1522-3232
1223,센텀그린타워  ,부산광역시,해운대구,부산광역시 해운대구 센텀중앙로 78 (우동)1522-3232
1224,부산송정비치  ,부산광역시,해운대구,부산광역시 해운대구 송정해변로 36 (송정동)1522-3232
1225,장산역  ,부산광역시,해운대구,부산광역시 해운대구 해운대로 802 (좌동)1522-3232
1226,하버타운  ,부산광역시,해운대구,부산광역시 해운대구 해운대해변로 257 (우동)1522-3232
1227,벡스코  ,부산광역시,해운대구,"부산광역시 해운대구 APEC로 55, 벡스코내 (우동)1522-3232"
1228,베네시티  ,부산광역시,해운대구,부산광역시 해운대구 해운대해변로 163 (우동)1522-3232
1229,팔레드시즈  ,부산광역시,해운대구,"부산광역시 해운대구 해운대해변로298번길 24, 팔래드시즈 1-3호, 2-3호 (중동)1522-3232"
1230,블루스퀘어  ,부산광역시,해운대구,부산광역시 해운대구 좌동로 96 (좌동)1522-3232
1231,센텀시티역  ,부산광역시,해운대구,"부산광역시 해운대구 센텀동로 9, 트럼프월드센텀아파트 1층 (우동)1522-3232"
1232,제니스스퀘어  ,부산광역시,해운대구,"부산광역시 해운대구 마린시티2로 33, 제니스스퀘어 (우동)1522-3232"
1233,신세계마린시티  ,부산광역시,해운대구,부산광역시 해운대구 마린시티2로 38 (우동)1522-3232
1234,해운대달맞이  ,부산광역시,해운대구,부산광역시 해운대구 달맞이길 189 (중동)1522-3232
1235,해운대이마트  ,부산광역시,해운대구,부산광역시 해운대구 좌동순환로 511 (중동) 1층1522-3232
1236,센텀드림월드  ,부산광역시,해운대구,"부산광역시 해운대구 센텀2로 25, 센텀드림월드 1층 (우동)1522-3232"
1237,센텀KNN  ,부산광역시,해운대구,부산광역시 해운대구 센텀서로 30 (우동)1522-3232
1238,월드마크센텀  ,부산광역시,해운대구,"부산광역시 해운대구 센텀동로 25, 1층 (우동)1522-3232"
1239,해운대NC  ,부산광역시,해운대구,부산광역시 해운대구 해운대로 813 (좌동)1522-3232
1240,해운대좌동  ,부산광역시,해운대구,부산광역시 해운대구 좌동순환로 178 (좌동)1522-3232
1241,해운대 엑스더스카이  ,부산광역시,해운대구,부산광역시 해운대구 달맞이길30 1522-3232
1242,센텀신세계3F  ,부산광역시,해운대구,부산광역시 해운대구 센텀남대로 35 (우동)1522-3232
1243,해운대중동역  ,부산광역시,해운대구,부산광역시 해운대구 좌동순환로 6 (중동)1522-3232
1244,센텀몰1F  ,부산광역시,해운대구,부산광역시 해운대구 센텀4로 15 (우동)1522-3232
1245,그랜드조선 부산  ,부산광역시,해운대구,부산광역시 해운대구 해운대해변로 292 (중동)1522-3232
1246,울산번영로  ,울산광역시,남구,울산광역시 남구 삼산로 182 (달동)1522-3232
1247,울산대공원  ,울산광역시,남구,울산광역시 남구 대공원입구로 4 (옥동)1522-3232
1248,울산도산사거리DT  ,울산광역시,남구,울산광역시 남구 대암로129번길 9-6 (야음동)1522-3232
1249,울산시청사거리DT  ,울산광역시,남구,울산광역시 남구 중앙로 180 (달동)1522-3232
1250,울산남구청DT  ,울산광역시,남구,울산광역시 남구 번영로 215 (신정동)1522-3232
1251,울산중리사거리DT  ,울산광역시,남구,울산광역시 남구 돋질로 310 (삼산동)1522-3232
1252,울산옥동  ,울산광역시,남구,울산광역시 남구 문수로 329 (옥동)1522-3232
1253,울산센트럴  ,울산광역시,남구,울산광역시 남구 삼산로 231 (달동)1522-3232
1254,울산삼산타워  ,울산광역시,남구,울산광역시 남구 삼산로 273 (삼산동) 삼산타워1522-3232
1255,울산삼산로  ,울산광역시,남구,울산광역시 남구 삼산로 278 번길 8 (삼산동)1522-3232
1256,울산대  ,울산광역시,남구,울산광역시 남구 대학로84번길 5-3 (무거동)1522-3232
1257,울산디자인거리  ,울산광역시,남구,"울산광역시 남구 삼산중로74번길 30-1, 1~2층 (삼산동)1522-3232"
1258,울산신복  ,울산광역시,남구,울산광역시 남구 대학로 152 (무거동)1522-3232
1259,울산삼산대로  ,울산광역시,남구,"울산광역시 남구 삼산로 257, 1층 (달동)1522-3232"
1260,울산신정DT  ,울산광역시,남구,울산광역시 남구 문수로 435 (신정동)1522-3232
1261,울산호계DT  ,울산광역시,북구,울산광역시 북구 산업로 1464 (신천동)1522-3232
1262,울산북구청DT  ,울산광역시,북구,울산광역시 북구 산업로 1011 (연암동)1522-3232
1263,울산진장  ,울산광역시,북구,울산광역시 북구 진장17길 10 (진장동)1522-3232
1264,울산정자비치DT  ,울산광역시,북구,울산광역시 북구 동해안로 1601 (산하동)1522-3232
1265,울산화봉  ,울산광역시,북구,울산광역시 북구 화봉로 75 (화봉동)1522-3232
1266,울산간절곶  ,울산광역시,울주군,울산광역시 울주군 서생면 대송리 25-181522-3232
1267,울산MBC DT  ,울산광역시,중구,울산광역시 중구 번영로 434 (복산동)1522-3232
1268,울산성안  ,울산광역시,중구,울산광역시 중구 성안12길 45 (성안동)1522-3232
1269,울산성남삼거리  ,울산광역시,중구,울산광역시 중구 젊음의2거리 33 (성남동)1522-3232
1270,울산성남동  ,울산광역시,중구,울산광역시 중구 젊음의거리 74 (성남동)1522-3232
1271,울산국가정원  ,울산광역시,중구,울산광역시 중구 태화강국가정원길 205 (태화동)1522-3232
1272,현대동구  ,울산광역시,동구,울산광역시 동구 방어진순환도로 899 (서부동) 현대백화점주차장1522-3232
1273,울산테라스파크  ,울산광역시,동구,울산광역시 동구 방어진순환도로 652 (일산동)1522-3232
1274,울산대학교병원  ,울산광역시,동구,울산광역시 동구 방어진순환도로 879 (서부동)1522-3232
1275,현대동구5F  ,울산광역시,동구,울산광역시 동구 방어진순환도로 899 (서부동)1522-3232
1276,인천강화DT  ,인천광역시,강화군,인천광역시 강화군 강화읍 강화대로 343 1522-3232
1277,경인교대입구역DT  ,인천광역시,계양구,인천광역시 계양구 계양대로 131 (작전동)1522-3232
1278,인천계양  ,인천광역시,계양구,인천광역시 계양구 장제로 808 (계산동)1522-3232
1279,인천작전  ,인천광역시,계양구,"인천광역시 계양구 계양대로 37, 1층 (작전동)1522-3232"
1280,인천계산역DT  ,인천광역시,계양구,인천광역시 계양구 경명대로 1105 (계산동)1522-3232
1281,인천학익DT  ,인천광역시,미추홀구,인천광역시 미추홀구 매소홀로 368 (학익동)1522-3232
1282,인천용현DT  ,인천광역시,미추홀구,인천광역시 미추홀구 아암대로 107 (용현동)1522-3232
1283,주안역  ,인천광역시,미추홀구,"인천광역시 미추홀구 주안로 100 (주안동) 1층,2층1522-3232"
1284,인하대  ,인천광역시,미추홀구,인천광역시 미추홀구 인하로 59 (용현동)1522-3232
1285,제물포역DT  ,인천광역시,미추홀구,인천광역시 미추홀구 경인로 103 (숭의동)1522-3232
1286,인천주안DT  ,인천광역시,미추홀구,인천광역시 미추홀구 인주대로 443 (주안동)1522-3232
1287,인하대역  ,인천광역시,미추홀구,인천광역시 미추홀구 독배로 309 (용현동)1522-3232
1288,SSG랜더스필드2F  ,인천광역시,미추홀구,인천광역시 미추홀구 매소홀로 618 (문학동)1522-3232
1289,SSG랜더스필드1F  ,인천광역시,미추홀구,인천광역시 미추홀구 매소홀로 618 (문학동)1522-3232
1290,인천용일사거리DT  ,인천광역시,미추홀구,인천광역시 미추홀구 한나루로 525 (주안동)1522-3232
1291,송림트레이더스  ,인천광역시,동구,"인천광역시 동구 봉수대로 82, 이마트 트레이더스송림점1층 (송림동)1522-3232"
1292,인천갈산DT  ,인천광역시,부평구,인천광역시 부평구 장제로 371 (갈산동)1522-3232
1293,인천삼산  ,인천광역시,부평구,인천광역시 부평구 길주로 643 (삼산동)1522-3232
1294,부평사거리  ,인천광역시,부평구,"인천광역시 부평구 부평문화로 52, 1~2층 (부평동)1522-3232"
1295,부평시장역  ,인천광역시,부평구,"인천광역시 부평구 부평대로 60, 현대해상화재보험 1층 (부평동)1522-3232"
1296,부평  ,인천광역시,부평구,인천광역시 부평구 경원대로 1397 (부평동)1522-3232
1297,동암역  ,인천광역시,부평구,"인천광역시 부평구 동암광장로 14, 1~2층 (십정동)1522-3232"
1298,부평역  ,인천광역시,부평구,"인천광역시 부평구 경원대로 1377, 1-4층 (부평동)1522-3232"
1299,부평GM  ,인천광역시,부평구,인천광역시 부평구 부평대로 233 (청천동)1522-3232
1300,인천스퀘어원  ,인천광역시,연수구,인천광역시 연수구 청능대로 210 (동춘동)1522-3232
1301,인천동춘DT  ,인천광역시,연수구,인천광역시 연수구 앵고개로 171 (동춘동)1522-3232
1302,인천송도  ,인천광역시,연수구,"인천광역시 연수구 컨벤시아대로 55 (송도동, 송도이안)1522-3232"
1303,송도트리플R  ,인천광역시,연수구,인천광역시 연수구 송도과학로16번길 33-1 (송도동)1522-3232
1304,인천송도DT  ,인천광역시,연수구,인천광역시 연수구 하모니로 136 (송도동)1522-3232
1305,인천연수  ,인천광역시,연수구,"인천광역시 연수구 용담로 115 (연수동) 105,106,203호1522-3232"
1306,송도캠퍼스타운역  ,인천광역시,연수구,인천광역시 연수구 송도과학로27번길 55 (송도동) 롯데캠퍼스타운1522-3232
1307,송도커넬워크  ,인천광역시,연수구,인천광역시 연수구 아트센터대로 131 (송도동)1522-3232
1308,송도센트럴파크  ,인천광역시,연수구,인천광역시 연수구 센트럴로 194 (송도동)1522-3232
1309,연수이마트  ,인천광역시,연수구,인천광역시 연수구 경원대로 184 (동춘동)1522-3232
1310,송도캐슬파크  ,인천광역시,연수구,인천광역시 연수구 인천타워대로132번길 9 (송도동)1522-3232
1311,송도현대아울렛  ,인천광역시,연수구,인천광역시 연수구 송도국제대로 123 (송도동)1522-3232
1312,송도컨벤시아대로DT  ,인천광역시,연수구,인천광역시 연수구 벤처로 10 (송도동)1522-3232
1313,검단사거리역  ,인천광역시,서구,인천광역시 서구 완정로 172 (마전동)1522-3232
1314,인천청라센트럴  ,인천광역시,서구,"인천광역시 서구 청라커낼로 300 (청라동, 청라센트럴에일린의뜰)1522-3232"
1315,인천청라한신  ,인천광역시,서구,인천광역시 서구 청라커낼로260번길 27 (청라동)1522-3232
1316,인천당하DT  ,인천광역시,서구,인천광역시 서구 원당대로 668 (당하동)1522-3232
1317,인천청라타워돔  ,인천광역시,서구,인천광역시 서구 중봉대로 612번길 10-171522-3232
1318,인천서구청DT  ,인천광역시,서구,인천광역시 서구 서곶로 277 (심곡동)1522-3232
1319,인천청라  ,인천광역시,서구,인천광역시 서구 중봉대로 586번길 191522-3232
1320,인천청라DT  ,인천광역시,서구,인천광역시 서구 국제대로 237 (청라동)1522-3232
1321,부평삼거리역DT  ,인천광역시,남동구,인천광역시 남동구 경인로 750 (간석동)1522-3232
1322,인천구월아시아드  ,인천광역시,남동구,인천광역시 남동구 인하로 556 (구월동)1522-3232
1323,인천터미널사거리  ,인천광역시,남동구,인천광역시 남동구 예술로 126 (구월동)1522-3232
1324,인천서창  ,인천광역시,남동구,"인천광역시 남동구 서창남로 51 (서창동) 101,102,103호1522-3232"
1325,인천간석DT  ,인천광역시,남동구,인천광역시 남동구 경원대로 974 (간석동)1522-3232
1326,인천예술회관역  ,인천광역시,남동구,인천광역시 남동구 예술로 174 (구월동) 흥국생명1522-3232
1327,구월로데오  ,인천광역시,남동구,"인천광역시 남동구 인하로 497-22, 2층 (구월동)1522-3232"
1328,구월길병원  ,인천광역시,남동구,"인천광역시 남동구 남동대로 773, , 14 삼성화재 인천사옥 (구월동)1522-3232"
1329,인천구월  ,인천광역시,남동구,"인천광역시 남동구 예술로 138 (구월동) 101,102,111,201,209호 일부,210호 일부1522-3232"
1330,인천논현  ,인천광역시,남동구,"인천광역시 남동구 논고개로 93, 111,112, 206, 207호 (논현동)1522-3232"
1331,간석중앙공원DT  ,인천광역시,남동구,인천광역시 남동구 경인로 563 (간석동)1522-3232
1332,영종하늘도시  ,인천광역시,중구,인천광역시 중구 하늘중앙로195번길 15 (중산동)1522-3232
1333,인천공항T2출국  ,인천광역시,중구,인천광역시 중구 공항로 272 (운서동)1522-3232
1334,인천공항T2에어  ,인천광역시,중구,인천광역시 중구 공항로 272 (운서동) 제2여객터미널 3층 탑승지역 25-2351522-3232
1335,인천공항T2입국  ,인천광역시,중구,인천광역시 중구 공항로 272 (운서동) 제2여객터미널 1층 환영홀지역 23-2021522-3232
1336,영종도운서역  ,인천광역시,중구,인천광역시 중구 신도시남로142번길 17 (운서동)1522-3232
1337,인천공항중앙  ,인천광역시,중구,인천광역시 중구 공항로 272 (운서동) 인천국제공항여객터미널 FB-P5-731522-3232
1338,인천공항랜드  ,인천광역시,중구,인천광역시 중구 공항로 272 (운서동) 인천공항1522-3232
1339,동해DT  ,강원도,동해시,강원도 동해시 중앙로 219 (천곡동)1522-3232
1340,설악쏘라노  ,강원도,속초시,강원도 속초시 미시령로2983번길 111 (장사동)1522-3232
1341,속초DT  ,강원도,속초시,강원도 속초시 동해대로 4114 (조양동)1522-3232
1342,속초중앙로  ,강원도,속초시,강원도 속초시 중앙로 123 (금호동)1522-3232
1343,춘천구봉산R  ,강원도,춘천시,강원도 춘천시 동면 순환대로 1154-63 1522-3232
1344,춘천후평DT  ,강원도,춘천시,강원도 춘천시 후석로 318 (후평동)1522-3232
1345,춘천석사DT  ,강원도,춘천시,강원도 춘천시 후석로 13 (석사동)1522-3232
1346,춘천명동  ,강원도,춘천시,강원도 춘천시 중앙로 57 (중앙로2가)1522-3232
1347,춘천이마트  ,강원도,춘천시,강원도 춘천시 경춘로 2353 (온의동) E-마트 춘천점내 1층1522-3232
1348,강원대  ,강원도,춘천시,강원도 춘천시 서부대성로 243-1 (효자동)1522-3232
1349,춘천퇴계DT  ,강원도,춘천시,강원도 춘천시 안마산로 95 (퇴계동)1522-3232
1350,춘천온의  ,강원도,춘천시,강원도 춘천시 방송길 104 (온의동)1522-3232
1351,비발디파크  ,강원도,홍천군,강원도 홍천군 서면 한치골길 262 1522-3232
1352,오션월드  ,강원도,홍천군,강원도 홍천군 서면 한치골길 262 1522-3232
1353,강릉송정DT  ,강원도,강릉시,강원도 강릉시 경강로 2400 (송정동)1522-3232
1354,강릉강문해변  ,강원도,강릉시,강원도 강릉시 창해로350번길 3 (강문동)1522-3232
1355,강릉교동광장  ,강원도,강릉시,강원도 강릉시 교동광장로 114 (교동)1522-3232
1356,강릉중앙로  ,강원도,강릉시,강원도 강릉시 경강로 2096 (임당동)1522-3232
1357,강릉안목항  ,강원도,강릉시,강원도 강릉시 창해로14번길 40 (견소동)1522-3232
1358,소노델피노  ,강원도,고성군,강원도 고성군 토성면 미시령옛길 11531522-3232
1359,원주반곡DT  ,강원도,원주시,강원도 원주시 동부순환로 37 (반곡동)1522-3232
1360,원주명륜DT  ,강원도,원주시,강원도 원주시 남원로 588 (명륜동)1522-3232
1361,원주무실  ,강원도,원주시,강원도 원주시 능라동길 73 (무실동)1522-3232
1362,원주혁신도시  ,강원도,원주시,강원도 원주시 혁신로 61 (반곡동)1522-3232
1363,원주터미널  ,강원도,원주시,강원도 원주시 서원대로 178 (단계동)1522-3232
1364,김해구산DT  ,경상남도,김해시,경상남도 김해시 김해대로 1918 (구산동)1522-3232
1365,김해진영DT  ,경상남도,김해시,경상남도 김해시 진영읍 여래로20번길 34-26 1522-3232
1366,신세계김해R  ,경상남도,김해시,경상남도 김해시 김해대로 2232 신세계백화점 1층1522-3232
1367,김해이마트  ,경상남도,김해시,경상남도 김해시 김해대로 2232 김해이마트 1층1522-3232
1368,김해인제대  ,경상남도,김해시,경상남도 김해시 인제로 168 (어방동)1522-3232
1369,김해대로DT  ,경상남도,김해시,경상남도 김해시 김해대로 2465 1522-3232
1370,김해외동DT  ,경상남도,김해시,경상남도 김해시 분성로 146 (외동)1522-3232
1371,김해율하  ,경상남도,김해시,경상남도 김해시 율하카페길 77 (관동동) 1층1522-3232
1372,김해삼계  ,경상남도,김해시,경상남도 김해시 가야로 182 (삼계동)1522-3232
1373,김해내동  ,경상남도,김해시,경상남도 김해시 경원로 67 (내동)1522-3232
1374,김해율하신도시  ,경상남도,김해시,경상남도 김해시 율하3로 32 (율하동)1522-3232
1375,김해금관대로DT  ,경상남도,김해시,경상남도 김해시 금관대로 1293 (내동)1522-3232
1376,밀양DT  ,경상남도,밀양시,경상남도 밀양시 밀양대로 1792 (삼문동)1522-3232
1377,경남사천DT  ,경상남도,사천시,경상남도 사천시 사천읍 사천대로 18441522-3232
1378,사천벌리  ,경상남도,사천시,경상남도 사천시 주공로 31 (벌리동)1522-3232
1379,진주평거  ,경상남도,진주시,경상남도 진주시 진양호로 206 BYC빌딩1층1522-3232
1380,진주칠암DT  ,경상남도,진주시,경상남도 진주시 진주대로829번길 2 (주약동)1522-3232
1381,진주중안  ,경상남도,진주시,경상남도 진주시 진양호로527번길 3 (중안동)1522-3232
1382,진주신안  ,경상남도,진주시,경상남도 진주시 진양호로 353 (신안동)1522-3232
1383,진주경상대  ,경상남도,진주시,경상남도 진주시 진주대로 510 (가좌동)1522-3232
1384,진주혁신도시  ,경상남도,진주시,경상남도 진주시 에나로127번길 30 (충무공동)1522-3232
1385,마산회원DT  ,경상남도,창원시,경상남도 창원시 마산회원구 3·15대로 518 (회원동)1522-3232
1386,창원상남로  ,경상남도,창원시,경상남도 창원시 성산구 상남로 88 (상남동)1522-3232
1387,마산역DT  ,경상남도,창원시,경상남도 창원시 마산회원구 3·15대로 715 (석전동)1522-3232
1388,마산해안대로DT  ,경상남도,창원시,경상남도 창원시 마산합포구 해안대로 383 (오동동)1522-3232
1389,진해자은DT  ,경상남도,창원시,경상남도 창원시 진해구 진해대로 962 (자은동)1522-3232
1390,창원역DT  ,경상남도,창원시,경상남도 창원시 의창구 의창대로 68 (팔용동)1522-3232
1391,창원호계DT  ,경상남도,창원시,경상남도 창원시 마산회원구 내서읍 호원로 315 1522-3232
1392,창원마창대교  ,경상남도,창원시,경상남도 창원시 성산구 삼귀로 159 (귀곡동)1522-3232
1393,삼성창원병원  ,경상남도,창원시,경상남도 창원시 마산회원구 팔용로 158 (합성동)1522-3232
1394,마산터미널  ,경상남도,창원시,경상남도 창원시 마산회원구 합성남로 6-1 (합성동)1522-3232
1395,창원상남사거리  ,경상남도,창원시,경상남도 창원시 성산구 단정로 251522-3232
1396,진해용원  ,경상남도,창원시,경상남도 창원시 진해구 안골로 336 (용원동) 형제빌딩1522-3232
1397,창원팔용  ,경상남도,창원시,경상남도 창원시 의창구 팔용로 419 (팔용동)1522-3232
1398,창원리베라  ,경상남도,창원시,경상남도 창원시 성산구 중앙대로100번길 9 (상남동)1522-3232
1399,창원상남중앙  ,경상남도,창원시,경상남도 창원시 성산구 마디미로 20 (상남동)1522-3232
1400,창원상남동R  ,경상남도,창원시,경상남도 창원시 성산구 상남로 132 (상남동)1522-3232
1401,신세계마산  ,경상남도,창원시,경상남도 창원시 마산합포구 합포로 251 (산호동) 신세계백화점 내 지하1층1522-3232
1402,창원시티세븐  ,경상남도,창원시,경상남도 창원시 성산구 원이대로 332 (대원동)1522-3232
1403,경남대  ,경상남도,창원시,경상남도 창원시 마산합포구 월영남로 3 (해운동)1522-3232
1404,창원용지호수  ,경상남도,창원시,경상남도 창원시 성산구 용지로169번길 1 (용호동)1522-3232
1405,마산월남동DT  ,경상남도,창원시,경상남도 창원시 마산합포구 3·15대로 70 (월남동2가)1522-3232
1406,창원반림  ,경상남도,창원시,경상남도 창원시 성산구 반송로 150 (반림동)1522-3232
1407,창원유니시티  ,경상남도,창원시,경상남도 창원시 의창구 중동중앙로 47 (중동)1522-3232
1408,창원파티마병원  ,경상남도,창원시,경상남도 창원시 의창구 창이대로 45 (명서동)1522-3232
1409,창원내서  ,경상남도,창원시,경상남도 창원시 마산회원구 내서읍 광려천서로 81 1522-3232
1410,통영이마트  ,경상남도,통영시,경상남도 통영시 광도면 죽림4로 9 1522-3232
1411,거제대로DT  ,경상남도,거제시,경상남도 거제시 거제대로 4521 (수월동)1522-3232
1412,거제고현  ,경상남도,거제시,경상남도 거제시 거제중앙로 1936 (고현동)1522-3232
1413,소노캄거제  ,경상남도,거제시,경상남도 거제시 일운면 거제대로 2660 1층1522-3232
1414,거제옥포  ,경상남도,거제시,경상남도 거제시 옥포대첩로 38 (옥포동)1522-3232
1415,디큐브거제  ,경상남도,거제시,경상남도 거제시 장평로 12 (장평동)1522-3232
1416,거제옥포DT  ,경상남도,거제시,경상남도 거제시 거제대로 3718 (옥포동)1522-3232
1417,남양산IC DT  ,경상남도,양산시,경상남도 양산시 동면 양산대로 532 1522-3232
1418,양산증산역  ,경상남도,양산시,경상남도 양산시 물금읍 증산역로 177 1522-3232
1419,양산가촌  ,경상남도,양산시,경상남도 양산시 물금읍 야리로 25 1522-3232
1420,양산덕계DT  ,경상남도,양산시,경상남도 양산시 웅상대로 860 (덕계동)1522-3232
1421,양산터미널  ,경상남도,양산시,경상남도 양산시 양산역1길 7 (중부동) 양산시외버스터미널1522-3232
1422,양산범어  ,경상남도,양산시,경상남도 양산시 물금읍 범어로 621522-3232
1423,양산이마트  ,경상남도,양산시,"경상남도 양산시 양산역6길 12, 양산이마트 1층 (중부동)1522-3232"
1424,경산중방DT  ,경상북도,경산시,경상북도 경산시 경안로 222 (중방동)1522-3232
1425,영남대아트센터  ,경상북도,경산시,경상북도 경산시 대학로 280 (대동) 영남대학교1522-3232
1426,영남대중앙도서관  ,경상북도,경산시,경상북도 경산시 대학로 280 (조영동) 영남대학교1522-3232
1427,영남대  ,경상북도,경산시,"경상북도 경산시 청운로 16, 1~3층 (대동)1522-3232"
1428,대구가톨릭대  ,경상북도,경산시,경상북도 경산시 하양읍 하양로 18 1522-3232
1429,경산이마트  ,경상북도,경산시,경상북도 경산시 옥산로 227 (중산동) 경산이마트1522-3232
1430,대구대학교  ,경상북도,경산시,경상북도 경산시 진량읍 대구대로 201 1522-3232
1431,경산임당역DT  ,경상북도,경산시,경상북도 경산시 대학로 208 (계양동)1522-3232
1432,경주보문  ,경상북도,경주시,경상북도 경주시 보문로 537 (천군동)1522-3232
1433,경주터미널DT  ,경상북도,경주시,경상북도 경주시 태종로 686 (사정동)1522-3232
1434,경주황성  ,경상북도,경주시,경상북도 경주시 황성로1번길 4 (황성동)1522-3232
1435,경주대릉원  ,경상북도,경주시,경상북도 경주시 첨성로 125 (황남동)1522-3232
1436,경주보문호수DT  ,경상북도,경주시,경상북도 경주시 보문로 132-6 (북군동)1522-3232
1437,경주중앙  ,경상북도,경주시,경상북도 경주시 원효로 105-1 (노동동)1522-3232
1438,경주보문로DT  ,경상북도,경주시,"경상북도 경주시 보문로 510-6, 외 1번지(신평동 719-220) (천군동)1522-3232"
1439,구미상모DT  ,경상북도,구미시,경상북도 구미시 금오대로 439 (상모동)1522-3232
1440,구미도량DT  ,경상북도,구미시,경상북도 구미시 야은로 312 (도량동)1522-3232
1441,구미옥계  ,경상북도,구미시,경상북도 구미시 옥계북로 20 (양포동)1522-3232
1442,구미시청DT  ,경상북도,구미시,경상북도 구미시 송정대로 27 (송정동)1522-3232
1443,구미인의  ,경상북도,구미시,경상북도 구미시 인동중앙로 15 (인의동)1522-3232
1444,구미금오산DT  ,경상북도,구미시,경상북도 구미시 금오산로 205 (남통동)1522-3232
1445,구미  ,경상북도,구미시,경상북도 구미시 구미중앙로 94 (원평동)1522-3232
1446,구미인동  ,경상북도,구미시,"경상북도 구미시 인동가산로 9-3, 노블레스타워 1층 (황상동)1522-3232"
1447,구미공단  ,경상북도,구미시,"경상북도 구미시 1공단로 212, HALLA SIGMA VALLEY 106 (공단동)1522-3232"
1448,구미광평DT  ,경상북도,구미시,경상북도 구미시 구미대로 188 (광평동)1522-3232
1449,구미문성DT  ,경상북도,구미시,경상북도 구미시 고아읍 들성로 207 1522-3232
1450,구미확장단지  ,경상북도,구미시,경상북도 구미시 신당1로4길 191522-3232
1451,포항쌍용DT  ,경상북도,포항시,경상북도 포항시 남구 중흥로 122 (상도동)1522-3232
1452,포항오천  ,경상북도,포항시,경상북도 포항시 남구 오천읍 원동로 151522-3232
1453,포항대이  ,경상북도,포항시,경상북도 포항시 남구 포스코대로 124 (대잠동)1522-3232
1454,포항이마트  ,경상북도,포항시,"경상북도 포항시 남구 냉천로 10, 이마트 포항점 1층 (인덕동)1522-3232"
1455,포항애비뉴  ,경상북도,포항시,경상북도 포항시 남구 중흥로 77 (상도동) 밸류플러스복합빌딩1522-3232
1456,포항시청  ,경상북도,포항시,경상북도 포항시 남구 시청로 5 (대잠동)1522-3232
1457,포항세명기독병원  ,경상북도,포항시,경상북도 포항시 남구 포스코대로 351 (대도동)1522-3232
1458,포항포스코DT  ,경상북도,포항시,경상북도 포항시 남구 동해안로6213번길 15-15 (동촌동)1522-3232
1459,문경새재  ,경상북도,문경시,경상북도 문경시 문경읍 새재로 906 1522-3232
1460,김천구미역  ,경상북도,김천시,경상북도 김천시 혁신3로 26 (율곡동)1522-3232
1461,김천시청DT  ,경상북도,김천시,경상북도 김천시 시청로 47 (대신동)1522-3232
1462,안동이마트  ,경상북도,안동시,경상북도 안동시 옥동1길 2 (옥동)1522-3232
1463,안동병원  ,경상북도,안동시,경상북도 안동시 앙실로 11 (수상동)1522-3232
1464,안동시청  ,경상북도,안동시,경상북도 안동시 서동문로 173 (삼산동)1522-3232
1465,안동옥동  ,경상북도,안동시,경상북도 안동시 경북대로 379 (옥동)1522-3232
1466,포항죽도DT  ,경상북도,포항시,경상북도 포항시 북구 새천년대로 486 699-1 에스오일1522-3232
1467,포항장성DT  ,경상북도,포항시,경상북도 포항시 북구 새천년대로 1255 (장성동)1522-3232
1468,포항양덕  ,경상북도,포항시,경상북도 포항시 북구 장량로 162 (양덕동)1522-3232
1469,포항중앙  ,경상북도,포항시,경상북도 포항시 북구 불종로 41 (신흥동)1522-3232
1470,포항영일대비치  ,경상북도,포항시,경상북도 포항시 북구 삼호로 186 (항구동)1522-3232
1471,전남광양DT  ,전라남도,광양시,전라남도 광양시 중마중앙로 143 1522-3232
1472,목포터미널DT  ,전라남도,목포시,전라남도 목포시 영산로 4951522-3232
1473,목포하당  ,전라남도,목포시,전라남도 목포시 백년대로 293 (상동)1522-3232
1474,목포북항DT  ,전라남도,목포시,전라남도 목포시 고하대로 694 (산정동)1522-3232
1475,목포옥암  ,전라남도,목포시,전라남도 목포시 백년대로375번길 1 (옥암동)1522-3232
1476,목포평화광장  ,전라남도,목포시,전라남도 목포시 미항로 137 (상동)1522-3232
1477,목포남악  ,전라남도,무안군,전라남도 무안군 남악3로82번길 111522-3232
1478,전남도청DT  ,전라남도,무안군,전라남도 무안군 삼향읍 남악3로 54 1522-3232
1479,순천연향  ,전라남도,순천시,전라남도 순천시 연향번영길 118 (연향동)1522-3232
1480,순천신대  ,전라남도,순천시,전라남도 순천시 해룡면 향매로 99 1522-3232
1481,순천호수공원  ,전라남도,순천시,전라남도 순천시 왕지2길 17 (왕지동)1522-3232
1482,순천조례  ,전라남도,순천시,전라남도 순천시 비봉2길 9 (조례동)1522-3232
1483,순천용당DT  ,전라남도,순천시,전라남도 순천시 중앙로 398 (가곡동)1522-3232
1484,여수해양공원  ,전라남도,여수시,전라남도 여수시 이순신 광장로 1921522-3232
1485,여수학동DT  ,전라남도,여수시,전라남도 여수시 도원로 271 (학동)1522-3232
1486,여수웅천  ,전라남도,여수시,전라남도 여수시 예울마루로 37-53 (웅천동)1522-3232
1487,여수둔덕DT  ,전라남도,여수시,전라남도 여수시 좌수영로 482 (둔덕동)1522-3232
1488,여수여서  ,전라남도,여수시,전라남도 여수시 여문1로 49 (여서동)1522-3232
1489,여수여천  ,전라남도,여수시,전라남도 여수시 망마로 39 (학동)1522-3232
1490,여수신월DT  ,전라남도,여수시,전라남도 여수시 신월로 567 (신월동)1522-3232
1491,여수마리나  ,전라남도,여수시,전라남도 여수시 웅천로 134 (웅천동)1522-3232
1492,전남나주  ,전라남도,나주시,전라남도 나주시 상야1길 21 (빛가람동)1522-3232
1493,나주혁신DT  ,전라남도,나주시,전라남도 나주시 빛가람로 838 (빛가람동)1522-3232
1494,익산모현  ,전라북도,익산시,전라북도 익산시 선화로 106 (모현동1가)1522-3232
1495,익산영등DT  ,전라북도,익산시,전라북도 익산시 무왕로 1005 (영등동)1522-3232
1496,익산영등  ,전라북도,익산시,전라북도 익산시 무왕로 1052 (영등동)1522-3232
1497,전주송천DT  ,전라북도,전주시,전라북도 전주시  송천중앙로 2281522-3232
1498,전북대병원DT  ,전라북도,전주시,전라북도 전주시 덕진구 백제대로 616 (금암동)1522-3232
1499,전주혁신도시  ,전라북도,전주시,전라북도 전주시 덕진구 기지로 68 (중동)1522-3232
1500,전주덕진광장DT  ,전라북도,전주시,전라북도 전주시 덕진구 기린대로 491 (덕진동1가)1522-3232
1501,전북대  ,전라북도,전주시,전라북도 전주시 덕진구 명륜4길 12 (덕진동1가)1522-3232
1502,전주에코시티  ,전라북도,전주시,전라북도 전주시 덕진구 세병2길 10 (송천동2가)1522-3232
1503,전주인후DT  ,전라북도,전주시,전라북도 전주시 덕진구 아중로 135 (인후동1가)1522-3232
1504,전주IC DT  ,전라북도,전주시,전라북도 전주시 덕진구 기린대로 1022 (여의동)1522-3232
1505,전주평화DT  ,전라북도,전주시,전라북도 전주시 완산구 모악로 4696 (평화동2가)1522-3232
1506,전주백제대로DT  ,전라북도,전주시,전라북도 전주시 완산구 백제대로 242 (중화산동2가)1522-3232
1507,전주효자DT  ,전라북도,전주시,전라북도 전주시 완산구 용머리로 7 (효자동1가)1522-3232
1508,전주서신  ,전라북도,전주시,전라북도 전주시 완산구 서신로 104 (서신동)1522-3232
1509,전주중화산  ,전라북도,전주시,전라북도 전주시 완산구 유연로 288 (중화산동2가)1522-3232
1510,전주홍산로  ,전라북도,전주시,전라북도 전주시 완산구 홍산로 238 (효자동2가)1522-3232
1511,전주한옥마을  ,전라북도,전주시,전라북도 전주시 완산구 팔달로 123 (전동)1522-3232
1512,전북도청  ,전라북도,전주시,전라북도 전주시 완산구 홍산중앙로 22 (효자동3가)1522-3232
1513,전주경원  ,전라북도,전주시,전라북도 전주시 완산구 전주객사4길 44-18 (고사동)1522-3232
1514,전주신시가지  ,전라북도,전주시,전라북도 전주시 완산구 우전로 255 (효자동2가)1522-3232
1515,전주효천DT  ,전라북도,전주시,전라북도 전주시 완산구 천잠로 149 (효자동2가)1522-3232
1516,전북정읍DT  ,전라북도,정읍시,전라북도 정읍시 충정로 271 (수성동)1522-3232
1517,군산나운DT  ,전라북도,군산시,전라북도 군산시 공단대로 422 (나운동)1522-3232
1518,군산수송  ,전라북도,군산시,전라북도 군산시 수송로 195 (수송동)1522-3232
1519,군산대  ,전라북도,군산시,전라북도 군산시 황룡로 7 (미룡동)1522-3232
1520,군산수송DT  ,전라북도,군산시,전라북도 군산시 공단대로 243 (수송동)1522-3232
1521,공주동학사DT  ,충청남도,공주시,충청남도 공주시 반포면 동학사1로 114 1522-3232
1522,공주신관  ,충청남도,공주시,충청남도 공주시 번영1로 113 (신관동)1522-3232
1523,논산중앙  ,충청남도,논산시,충청남도 논산시 중앙로398번길 13-101522-3232
1524,논산내동DT  ,충청남도,논산시,충청남도 논산시 시민로 165 (내동)1522-3232
1525,충남보령DT  ,충청남도,보령시,충청남도 보령시 대해로 101 (궁촌동)1522-3232
1526,서산예천DT  ,충청남도,서산시,충청남도 서산시 나무장1길 22 (예천동)1522-3232
1527,서산호수  ,충청남도,서산시,"충청남도 서산시 호수공원2로 33, 1~2층 (읍내동)1522-3232"
1528,천안신부R  ,충청남도,천안시,충청남도 천안시 동남구 만남로 43 (신부동) 아라리오갤러리1522-3232
1529,천안청당  ,충청남도,천안시,충청남도 천안시 동남구 청수14로 102 (청당동)1522-3232
1530,천안안서  ,충청남도,천안시,충청남도 천안시 동남구 안서3길 3 (안서동)1522-3232
1531,천안IC DT  ,충청남도,천안시,충청남도 천안시 동남구 신부15길 3 (신부동)1522-3232
1532,천안신부동  ,충청남도,천안시,충청남도 천안시 동남구 만남로 9 (신안동)1522-3232
1533,천안서북이마트  ,충청남도,천안시,충청남도 천안시 서북구 삼성대로 20 (백석동)1522-3232
1534,천안백석  ,충청남도,천안시,충청남도 천안시 서북구 백석로 85-4 (백석동)1522-3232
1535,천안불당DT  ,충청남도,천안시,충청남도 천안시 서북구 불당34길 2 (불당동)1522-3232
1536,천안서부대로DT  ,충청남도,천안시,충청남도 천안시 서북구 서부대로 405 (쌍용동)1522-3232
1537,천안두정역DT  ,충청남도,천안시,충청남도 천안시 서북구 두정로 264 (두정동)1522-3232
1538,천안시청  ,충청남도,천안시,충청남도 천안시 서북구 불당22대로 67 (불당동)1522-3232
1539,천안쌍용역  ,충청남도,천안시,충청남도 천안시 서북구 충무로 133 (쌍용동)1522-3232
1540,천안신불당  ,충청남도,천안시,충청남도 천안시 서북구 불당33길 24 (불당동)1522-3232
1541,천안성정DT  ,충청남도,천안시,충청남도 천안시 서북구 동서대로 154 (성정동)1522-3232
1542,천안불당  ,충청남도,천안시,충청남도 천안시 서북구 불당4로 91 (불당동)1522-3232
1543,천안두정  ,충청남도,천안시,충청남도 천안시 서북구 부성4길 3 (부성1동)1522-3232
1544,천안이마트  ,충청남도,천안시,충청남도 천안시 서북구 충무로 187 (쌍용동) 천안이마트 1층1522-3232
1545,천안업성레이크  ,충청남도,천안시,충청남도 천안시 서북구 업성수변로 69 (성성동)1522-3232
1546,계룡대로DT  ,충청남도,계룡시,충청남도 계룡시 엄사면 번영로 6 1522-3232
1547,당진시곡DT  ,충청남도,당진시,충청남도 당진시 서해로 6283 (시곡동)1522-3232
1548,당진문예의전당  ,충청남도,당진시,충청남도 당진시 시청1로 78 (읍내동) 1층1522-3232
1549,아산방축DT  ,충청남도,아산시,충청남도 아산시 온천대로 1392 (방축동)1522-3232
1550,아산배방  ,충청남도,아산시,충청남도 아산시 배방읍 배방로 22 1522-3232
1551,아산탕정  ,충청남도,아산시,충청남도 아산시 탕정면 탕정면로 10 1522-3232
1552,아산용화  ,충청남도,아산시,충청남도 아산시 어의정로 117 (용화동)1522-3232
1553,아산터미널  ,충청남도,아산시,충청남도 아산시 번영로 232 (모종동)1522-3232
1554,아산권곡  ,충청남도,아산시,충청남도 아산시 문화로 271-6 (권곡동) 101~105호1522-3232
1555,충북증평  ,충청북도,증평군,충청북도 증평군 증평읍 광장로 40 1522-3232
1556,청주용암DT  ,충청북도,청주시,충청북도 청주시 상당구 1순환로 1243 (용암동)1522-3232
1557,청주용담DT  ,충청북도,청주시,충청북도 청주시 상당구 산성로 129 (용담동)1522-3232
1558,청주서문  ,충청북도,청주시,충청북도 청주시 상당구 무심동로392번길 20 (서문동)1522-3232
1559,충주호암DT  ,충청북도,충주시,충청북도 충주시 중원대로 3245 (호암동)1522-3232
1560,충주시청DT  ,충청북도,충주시,충청북도 충주시 국원대로 208-1 (금릉동)1522-3232
1561,충주터미널  ,충청북도,충주시,충청북도 충주시 봉계13길 2 (봉방동)1522-3232
1562,충주연수  ,충청북도,충주시,충청북도 충주시 계명대로 227 (연수동)1522-3232
1563,충북혁신도시  ,충청북도,음성군,충청북도 음성군 맹동면 원중로 1416 1522-3232
1564,제천DT  ,충청북도,제천시,충청북도 제천시 의림대로 181 (중앙로2가)1522-3232
1565,청주비하DT  ,충청북도,청주시,충청북도 청주시 흥덕구 2순환로 1078 (비하동)1522-3232
1566,청주오송  ,충청북도,청주시,충청북도 청주시 흥덕구 오송읍 오송생명로 220 1522-3232
1567,청주봉명DT  ,충청북도,청주시,충청북도 청주시 흥덕구 1순환로 514 (봉명동)1522-3232
1568,청주강서  ,충청북도,청주시,충청북도 청주시 흥덕구 강서로 121 (강서동)1522-3232
1569,청주지웰시티  ,충청북도,청주시,충청북도 청주시 흥덕구 대농로 43 (복대동) 신영지웰시티 1차 상업시설1522-3232
1570,현대충청  ,충청북도,청주시,충청북도 청주시 흥덕구 직지대로 308 (복대동)1522-3232
1571,청주터미널  ,충청북도,청주시,충청북도 청주시 흥덕구 풍산로 15 (가경동)1522-3232
1572,청주복대지웰  ,충청북도,청주시,충청북도 청주시 흥덕구 대농로 52 (복대동)1522-3232
1573,청주이마트  ,충청북도,청주시,충청북도 청주시 서원구 청남로 1853 (미평동)1522-3232
1574,청주사직DT  ,충청북도,청주시,충청북도 청주시 서원구 사직대로 302 (사직동)1522-3232
1575,청주성화  ,충청북도,청주시,충청북도 청주시 서원구 복대로 5 (개신동)1522-3232
1576,충북대  ,충청북도,청주시,충청북도 청주시 서원구 내수동로 113 (사창동)1522-3232
1577,오창호수공원  ,충청북도,청주시,"충청북도 청주시 청원구 오창읍 중심상업1로 20 101,102,103,104호1522-3232"
1578,청주율량DT  ,충청북도,청주시,충청북도 청주시 청원구 충청대로107번길 8 (율량동)1522-3232
1579,오창과학단지  ,충청북도,청주시,충청북도 청주시 청원구 오창읍 과학산업2로 385 1522-3232
1580,제주신화월드R  ,제주특별자치도,서귀포시,제주특별자치도 서귀포시 안덕면 신화역사로304번길 38 B1-291522-3232
1581,제주에듀시티  ,제주특별자치도,서귀포시,제주특별자치도 서귀포시 대정읍 에듀시티로 36 1522-3232
1582,제주성산DT  ,제주특별자치도,서귀포시,제주특별자치도 서귀포시 성산읍 일출로 80 1522-3232
1583,제주중문DT  ,제주특별자치도,서귀포시,제주특별자치도 서귀포시 천제연로 95(색달동)1522-3232
1584,제주서귀포  ,제주특별자치도,서귀포시,제주특별자치도 서귀포시 중정로 53 (서귀동)1522-3232
1585,제주송악산  ,제주특별자치도,서귀포시,제주특별자치도 서귀포시 대정읍 형제해안로 322 1522-3232
1586,서귀포DT  ,제주특별자치도,서귀포시,제주특별자치도 서귀포시 일주서로 11 (강정동)1522-3232
1587,성산일출봉  ,제주특별자치도,서귀포시,"제주특별자치도 서귀포시 성산읍 일출로 284-5 1,2층1522-3232"
1588,제주중문  ,제주특별자치도,서귀포시,제주특별자치도 서귀포시 중문관광로110번길 32 (색달동)1522-3232
1589,제주도남DT  ,제주특별자치도,제주시,제주특별자치도 제주시 연북로 394 (도남동)1522-3232
1590,제주협재  ,제주특별자치도,제주시,제주특별자치도 제주시 한림읍 한림로 337 1522-3232
1591,제주외도DT  ,제주특별자치도,제주시,제주특별자치도 제주시 일주서로 7300 (외도일동)1522-3232
1592,제주삼화DT  ,제주특별자치도,제주시,제주특별자치도 제주시 연삼로 884 (도련일동)1522-3232
1593,제주시청  ,제주특별자치도,제주시,제주특별자치도 제주시 중앙로 215 (이도이동)1522-3232
1594,제주함덕  ,제주특별자치도,제주시,제주특별자치도 제주시 조천읍 조함해안로 522 1522-3232
1595,제주노형공원  ,제주특별자치도,제주시,제주특별자치도 제주시 연북로 12 (노형동)1522-3232
1596,제주애월DT  ,제주특별자치도,제주시,제주특별자치도 제주시 애월읍 애월해안로 376 1522-3232
1597,제주칠성  ,제주특별자치도,제주시,제주특별자치도 제주시 관덕로 55 (일도일동)1522-3232
1598,제주노형  ,제주특별자치도,제주시,제주특별자치도 제주시 도령로 27 (노형동)1522-3232
1599,제주용담DT  ,제주특별자치도,제주시,제주특별자치도 제주시 서해안로 380 (용담삼동) 화이트하우스1522-3232
1600,신제주이마트  ,제주특별자치도,제주시,"제주특별자치도 제주시 1100로 3348, 신제주이마트 1층 (노형동)1522-3232"
1601,제주서해안로DT  ,제주특별자치도,제주시,제주특별자치도 제주시 서해안로 624 (용담삼동)1522-3232
1602,제주일도DT  ,제주특별자치도,제주시,제주특별자치도 제주시 동광로 130 (일도이동)1522-3232
1603,세종다정DT  ,세종특별자치시,다정북로,세종특별자치시 다정북로 219 (다정동)1522-3232
1604,세종보람  ,세종특별자치시,한누리대로,"세종특별자치시 한누리대로 2165 (보람동) A118,119,120,121,128,129,130,1311522-3232"
1605,세종새롬  ,세종특별자치시,새롬중앙로,세종특별자치시  새롬중앙로 64 (새롬동)1522-3232
1606,세종어진R  ,세종특별자치시,한누리대로,세종특별자치시  한누리대로 499 (어진동)1522-3232
1607,세종종촌  ,세종특별자치시,도움3로,세종특별자치시  도움3로 105-10 (종촌동) 성운프라자1522-3232
1608,세종첫마을  ,세종특별자치시,한누리대로,세종특별자치시  한누리대로 169 행복타워 1층1522-3232
1609,세종이마트  ,세종특별자치시,금송로,세종특별자치시 금송로 687(가람동 406) 이마트 세종점1522-3232
1610,세종청사  ,세종특별자치시,도움8로,세종특별자치시  도움8로 81 (어진동)1522-3232
1611,세종아름  ,세종특별자치시,아름서1길,"세종특별자치시 아름서1길 13-9 (아름동) 103,104,105,202,203호1522-3232"
1612,세종소담  ,세종특별자치시,소담3로,"세종특별자치시 소담3로 8 (소담동) 1동  12호,13호,14호,15호,15a호,16호1522-3232"
1613,세종충남대학교병원  ,세종특별자치시,보듬7로,세종특별자치시 보듬7로 20 (도담동) 헬스케어센터 1층1522-3232
